title,word,meaning
Letters 1,באה,"comes (f,s)"
Letters 1,אבא,dad
Letters 1,אהבה,love
Letters 1,בא,"comes (m,s)"
Letters 1,אמא,mom
Letters 1,אוהבת,"loves (f,s)"
Letters 1,אתה,"you (m,s)"
Letters 1,את,"you (f,s)"
Letters 1,מים,water
Letters 1,היא,she
Letters 1,אני,I
Letters 1,יין,wine
Letters 1,יונה,pigeon
Letters 1,אוהב,"loves (m,s)"
Letters 1,חלב,milk
Letters 1,לחם,bread
Letters 1,חם,"hot (m,s)"
Letters 1,לא,no
Letters 2,כלב,dog
Letters 2,הולך,"walks, goes (m,s)"
Letters 2,הולכת,"walks, goes (f,s)"
Letters 2,אוכל,"eats (m,s)"
Letters 2,מלך,king
Letters 2,אוכלת,"eats (f,s)"
Letters 2,כן,yes
Letters 2,דרך,road
Letters 2,רואָה,"sees (f,s)"
Letters 2,רואֶה,"sees (m,s)"
Letters 2,ילדה,girl
Letters 2,ילד,boy
Letters 2,אישה,woman
Letters 2,שותָה,"drinks (f,s)"
Letters 2,שותֶה,"drinks (m,s)"
Letters 2,משאית,truck
Letters 2,שמח,happy
Letters 2,אגוז,nut
Letters 2,אורז,rice
Letters 2,זאת,this (f)
Letters 2,זה,this (m)
Letters 2,גבר,man
Letters 3,יפֶה,beautiful
Letters 3,תפוז,orange (fruit)
Letters 3,תפוח,apple
Letters 3,כיף,fun
Letters 3,קוראת,"reads (f,s)"
Letters 3,קורא,"reads (m,s)"
Letters 3,מתוק,sweet
Letters 3,יפָה,"beautiful (f,s)"
Letters 3,ספר,book
Letters 3,אפרסק,peach
Letters 3,עצוב,sad
Letters 3,רע,bad
Letters 3,עיתון,newspaper
Letters 3,עוף,chicken (food)
Letters 3,עוגה,cake
Letters 3,רוצֶה,"wants (m,s)"
Letters 3,מיץ,juice
Letters 3,רוצָה,"wants (f,s)"
Letters 3,חמוץ,sour
Letters 3,טוב,good
Letters 3,טעים,tasty
Phrases,שלום,hello
Phrases,תודה,thanks
Phrases,להתראות,goodbye
Phrases,מה נשמע?,how are you?
Phrases,מה קורה?,what's happening?
Phrases,מה שלומךָ?,how are you? (m)
Phrases,מה שלומךְ?,how are you? (f)
Phrases,בסדר,fine
Phrases,סליחה,sorry
Phrases,בבקשה,please
Phrases,אין בעד מה,you are welcome
Phrases,לילה,night
Phrases,בוקר,morning
Phrases,ערב,evening
Phrases,אולי,maybe
Phrases,עברית,Hebrew
Phrases,אנגלית,English
Phrases,ברוך הבא,welcome
Phrases,קוראים לי,my name is
Phrases,בהצלחה,good luck
Phrases,מזל טוב,congratulations
Phrases,תודה רבה,thank you very much
Basics,גברים,men
Basics,נשים,women
Basics,אנחנו,we
Basics,ילדים,children
Basics,רואים,"see (m,p)"
Basics,רואות,"see (f,p)"
Basics,הם,they (m)
Basics,הן,they (f)
Basics,אתן,"you (f,p)"
Basics,אתם,"you (m,p)"
There is,יש,there is
There is,אין,there is no
There is,לי,to me
There is,לךָ,"to you (m,s)"
There is,לךְ,"to you (f,s)"
There is,לו,to him
There is,לה,to her
There is,לנו,to us
There is,לכם,"to you (m,p)"
There is,לכן,"to you (f,p)"
There is,להם,to them (m)
There is,להן,to them (f)
There is,ל...,to
Adjectives Intro.,שמח,"happy (m,s)"
Adjectives Intro.,שמחה,"happy (f,s)"
Adjectives Intro.,שמחים,"happy (m,p)"
Adjectives Intro.,שמחות,"happy (f,p)"
Adjectives Intro.,עצוב,"sad (m,s)"
Adjectives Intro.,עצובה,"sad (f,s)"
Adjectives Intro.,עצובים,"sad (m,p)"
Adjectives Intro.,עצובות,"sad (f,p)"
Adjectives Intro.,יפָה,"beautiful (f,s)"
Adjectives Intro.,יפֶה,"beautiful (m,s)"
Adjectives Intro.,יפים,"beautiful (m,p)"
Adjectives Intro.,יפות,"beautiful (f,p)"
Adjectives Intro.,טעים,"tasty (m,s)"
Adjectives Intro.,טעימה,"tasty (f,s)"
Adjectives Intro.,טעימים,"tasty (m,p)"
Adjectives Intro.,טעימות,"tasty (f,p)"
Adjectives Intro.,טוב,"good (m,s)"
Adjectives Intro.,טובה,"good (f,s)"
Adjectives Intro.,טובים,"good (m,p)"
Adjectives Intro.,טובות,"good (f,p)"
Adjectives Intro.,רע,"bad (m,s)"
Adjectives Intro.,רעה,"bad (f,s)"
Adjectives Intro.,רעים,"bad (m,p)"
Adjectives Intro.,רעות,"bad (f,p)"
Food 1,צלחת,plate
Food 1,דג,fish
Food 1,לאכול,to eat
Food 1,קפה,coffee
Food 1,ביצה,egg
Food 1,ארוחת צהריים,lunch
Food 1,ארוחת בוקר,breakfast
Food 1,ארוחת ערב,dinner
Food 1,פרי,fruit
Food 1,פסטה,pasta
Food 1,סוכר,sugar
Food 1,שותים,"drink (m,p)"
Food 1,שותות,"drink (f,p)"
Food 1,בירה,beer
Food 1,תות,strawberry
Food 1,גבינה,cheese
Food 1,בשר,meat
Food 1,עגבניה,tomato
Food 1,מרק,soup
Food 1,רוצים,"want (m,p)"
Food 1,רוצות,"want (f,p)"
Food 1,שמן,oil
Food 1,לימון,lemon
Food 1,בננה,banana
Food 1,כריך,sandwich
Food 1,מלח,salt
Food 1,רעב,"hungry (m,s)"
Food 1,בקר,beef
Food 1,בקבוק,bottle
Food 1,סלט,salad
Food 1,חמאה,butter
Food 1,פטרייה,mushroom
Food 1,פיצה,pizza
Food 1,אננס,pineapple
Food 1,שוקולד,chocolate
Food 1,זית,olive
Animals,חתול,cat
Animals,סוס,horse
Animals,ציפור,bird
Animals,פיל,elephant
Animals,ברווז,duck
Animals,צב,turtle
Animals,חמור,donkey
Animals,סרטן,crab
Animals,עכביש,spider
Animals,חיה,animal
Animals,דוב,bear
Animals,עכבר,mouse
Animals,גמל,camel
Animals,אריה,lion
Animals,נשר,eagle
Animals,חיות,animals
Animals,זבוב,fly
Animals,חרק,insect
Animals,ארנב,rabbit
Animals,לנבוח,to bark
Animals,נחש,snake
Animals,קוף,monkey
Animals,זנב,tail
Animals,דבורה,bee
Animals,חיית מחמד,pet
Animals,ינשוף,owl
Animals,פרה,cow
Animals,תרנגול,rooster
Animals,תרנגולת,chicken (animal)
Animals,חזיר,pig
Plurals,תפוחים,apples
Plurals,תפוזים,oranges
Plurals,כלבים,dogs
Plurals,חתולים,cats
Plurals,סוסים,horses
Plurals,עיתונים,newspapers
Plurals,ספרים,books
Plurals,צבים,turtles
Plurals,פילים,elephants
Plurals,ציפורים,birds
Plurals,כריכים,sandwiches
Plurals,ברווזים,ducks
Plurals,דרכים,roads
Plurals,צלחות,plates
Plurals,חיות מחמד,pets
Plurals,יינות,wines
Plurals,גבינות,cheeses
Plurals,בירות,beers
Plurals,עוגות,cakes
Plurals,כלבות,dogs (f)
Plurals,סוסות,horses (f)
Plurals,חתולות,cats (f)
Plurals,ברווזות,ducks (f)
Plurals,פרות,cows
Plurals,ילדות,girls
Plurals,אריות,lions
Possessives 1,שלי,my
Possessives 1,שלךָ,"your (m,s)"
Possessives 1,שלךְ,"your (f,s)"
Possessives 1,שלו,his
Possessives 1,שלה,her
Possessives 1,שלכם,"your (m,p)"
Possessives 1,שלכן,"your (f,p)"
Possessives 1,שלנו,our
Possessives 1,שלהם,their (m)
Possessives 1,שלהן,their (f)
Possessives 1,של,of
Adjectives 1,קטן,small
Adjectives 1,גדול,big
Adjectives 1,חדש,new
Adjectives 1,ישן,old (objects)
Adjectives 1,חם,hot
Adjectives 1,קר,cold
Adjectives 1,גבוה,"tall, high"
Adjectives 1,נמוך,"short, low"
Adjectives 1,קרוב,close
Adjectives 1,רחוק,"far, distant"
Adjectives 1,ארוך,long
Adjectives 1,קצר,short
Adjectives 1,איטי,slow
Adjectives 1,מהיר,fast
Adjectives 1,מלא,full
Adjectives 1,ריק,empty
Adjectives 1,יבש,dry
Adjectives 1,רטוב,wet
Food 2,ארוחה,meal
Food 2,צמחוני,vegetarian
Food 2,תה,tea
Food 2,מזלג,fork
Food 2,סכין,knife
Food 2,כוס,"cup, glass"
Food 2,מפית,napkin
Food 2,כף,spoon
Food 2,קערה,bowl
Food 2,לבשל,to cook
Food 2,צמא,thirsty
Food 2,כפית,teaspoon
Food 2,תפריט,menu
Food 2,רוטב,"sauce, gravy"
Food 2,ירק,vegetable
Food 2,מסעדה,restaurant
Food 2,פלפל,"pepper, capsicum"
Food 2,מתכון,recipe
Food 2,דבש,honey
Food 2,מלוח,salty
Food 2,חריף,"hot, spicy"
Food 2,מר,bitter
Food 2,מטבח,kitchen
Food 2,מלפפון,cucumber
Food 2,לאפות,to bake
Food 2,גזר,carrot
Food 2,ממתק,candy
Food 2,עוגייה,cookie
Food 2,אבטיח,watermelon
Food 2,בוטן,peanut
Food 2,בצל,onion
Food 2,ריבה,jam
Food 2,ענב,grape
Food 2,אבוקדו,avocado
Food 2,תפוח אדמה,potato
Food 2,משקה,"beverage, drink"
Food 2,דובדבן,cherry
Food 2,מסטיק,gum
Food 2,גלידה,ice cream
Food 2,מנגו,mango
Food 2,שום,garlic
Food 2,ריח,smell
Food 2,טעם,taste
Food 2,סיר,pot
Food 2,מצרכים,ingredients
Food 2,קמח,flour
Clothing,ללבוש,to wear
Clothing,חולצה,shirt
Clothing,נעל,shoe
Clothing,חצאית,skirt
Clothing,מעיל,coat
Clothing,שמלה,dress
Clothing,לנעול,to wear shoes
Clothing,מכנסיים,pants
Clothing,חליפה,suit
Clothing,כובע,hat
Clothing,חגורה,belt
Clothing,לחבוש,to wear (headgear)
Clothing,משקפיים,glasses
Clothing,משקפי שמש,sunglasses
Clothing,כפפה,glove
Clothing,טבעת,ring
Clothing,לענוד,to wear (a ring)
Clothing,שרשרת,chain
Clothing,לשים,to put
Clothing,להרכיב,to wear (glasses)
Clothing,גרב,sock
Clothing,לגרוב,to wear (socks)
Clothing,תכשיט,a piece of jewelry
Clothing,ג'ינס,jeans
Clothing,בגד ים,swimsuit
Clothing,תחפושת,costume
Clothing,עניבה,tie
Clothing,ז'קט,jacket
Clothing,סוודר,sweater
Clothing,צמיד,bracelet
Clothing,צעיף,scarf
Clothing,כיס,pocket
Colors,אדום,red
Colors,כתום,orange (color)
Colors,שחור,black
Colors,לבן,white
Colors,כחול,blue
Colors,צהוב,yellow
Colors,ירוק,green
Colors,לצבוע,"to paint, to color"
Colors,צבע,color
Colors,אפור,grey
Colors,חום,brown
Colors,ורוד,pink
Colors,צבעוני,colorful
Colors,סגול,purple
Prepositions 1,ב...,in
Prepositions 1,מ...,from
Prepositions 1,בשביל,for
Prepositions 1,עם,with
Prepositions 1,ליד,"next to, adjacent to"
Prepositions 1,בתוך,inside
Prepositions 1,נגד,against
Prepositions 1,איתי,with me
Prepositions 1,איתה,with her
Prepositions 1,איתו,with him
Prepositions 1,איתנו,with us
Numbers,לספור,to count
Numbers,מספר,number
Numbers,יותר,more
Numbers,פחות,less
Numbers,יותר מדי,"too much, too many"
Numbers,הרבה,a lot
Numbers,אחת,one (f)
Numbers,אחד,one (m)
Numbers,שתיים,two (f)
Numbers,שניים,two (m)
Numbers,שלוש,three (f)
Numbers,שלושה,three (m)
Numbers,ארבע,four (f)
Numbers,ארבעה,four (m)
Numbers,חמש,five (f)
Numbers,חמישה,five (m)
Numbers,שש,six (f)
Numbers,שישה,six (m)
Numbers,שבע,seven (f)
Numbers,שבעה,seven (m)
Numbers,שמונֶה,eight (f)
Numbers,שמונָה,eight (m)
Numbers,תשע,nine (f)
Numbers,תשעה,nine (m)
Numbers,עשר,ten (f)
Numbers,עשרה,ten (m)
Numbers,אחת עשרה,eleven (f)
Numbers,אחד עשר,eleven (m)
Numbers,שתים עשרה,twelve (f)
Numbers,שנים עשר,twelve (m)
Numbers,שלוש עשרה,thirteen (f)
Numbers,שלושה עשר,thirteen (m)
Numbers,עשרים,twenty
Numbers,אפס,zero
Questions,מה?,what?
Questions,איפה?,where?
Questions,למה?,why?
Questions,כמה?,"how much?, how many?"
Questions,מי?,who?
Questions,מאיפה?,where from?
Questions,מתי?,when?
Questions,איך?,how?
Questions,של מי?,whose?
Questions,איזה?,which? (m)
Questions,איזו?,which (f)
Questions,באיזה?,in which?
Questions,עם מי?,with who?
Questions,לאן?,where to?
Questions,למי?,to who?
Questions,ממי?,from who?
Questions,בשביל מה?,what for?
Questions,לשאול,to ask
Questions,לענות,"to answer, to reply"
Occupations,תלמיד,student
Occupations,רופא,doctor
Occupations,עבודה,work
Occupations,סופר,author
Occupations,מקצוע,profession
Occupations,דוגמן,model
Occupations,במאי,director
Occupations,קריירה,career
Occupations,צוות,"crew, team, staff"
Occupations,משטרה,police
Occupations,אמן,artist
Occupations,מזכיר,secretary
Occupations,צייר,painter
Occupations,שופט,"judge, referee"
Occupations,עורך דין,lawyer
Occupations,פועל,worker
Occupations,שוטר,policeman
Occupations,קצין,officer
Occupations,עיתונאי,journalist
Occupations,חייל,soldier
Occupations,קברניט,captain
Occupations,בוס,boss
Occupations,שומר,guard
Occupations,שחקן,"actor, player"
Occupations,התמחות,"internship, apprenticeship"
Occupations,נהג,driver
Occupations,טבח,cook
Occupations,מלצר,waiter
Occupations,מהנדס,engineer
Occupations,אדריכל,architect
Occupations,חקלאי,farmer
Conjunctions,אם,if
Conjunctions,אבל,but
Conjunctions,כי,because
Conjunctions,עדיין,still
Conjunctions,גם,also
Conjunctions,אף על פי,even though
Conjunctions,למרות,despite
Conjunctions,רק,only
Conjunctions,כבר,already
Conjunctions,חוץ מ...,except for...
Conjunctions,אפילו,even
Prepositions 2,בחוץ,outside
Prepositions 2,בפנים,inside
Prepositions 2,מול,"across, against"
Prepositions 2,בין,between
Prepositions 2,אל,to
Prepositions 2,על,on
Prepositions 2,לפני,before
Prepositions 2,אחרי,after
Prepositions 2,בלי,without
Dates and Time,יום,day
Dates and Time,היום,today
Dates and Time,יום ראשון,Sunday
Dates and Time,יום שני,Monday
Dates and Time,יום שלישי,Tuesday
Dates and Time,יום רביעי,Wednesday
Dates and Time,יום חמישי,Thursday
Dates and Time,יום שישי,Friday
Dates and Time,שבת,"Saturday, Shabbat"
Dates and Time,זמן,time
Dates and Time,מחר,tomorrow
Dates and Time,אחר הצהריים,afternoon
Dates and Time,שעה,hour
Dates and Time,דקה,minute
Dates and Time,שניה,second (time unit)
Dates and Time,שבוע,week
Dates and Time,חודש,month
Dates and Time,אתמול,yesterday
Dates and Time,לוח שנה,calendar
Dates and Time,תאריך,date
Dates and Time,ינואר,January
Dates and Time,פברואר,February
Dates and Time,מרץ,March
Dates and Time,אפריל,April
Dates and Time,מאי,May
Dates and Time,יוני,June
Dates and Time,יולי,July
Dates and Time,אוגוסט,August
Dates and Time,ספטמבר,September
Dates and Time,אוקטובר,October
Dates and Time,נובמבר,November
Dates and Time,דצמבר,December
Dates and Time,אביב,spring
Dates and Time,חורף,winter
Dates and Time,סתיו,"autumn, fall"
Dates and Time,קיץ,summer
Dates and Time,עונה,season
Dates and Time,חצות,midnight
Dates and Time,יום הולדת,birthday
Dates and Time,תקופה,period (time)
Dates and Time,רגע,moment
Dates and Time,אף פעם,never
Dates and Time,קצת,a bit
Dates and Time,עשור,decade
Dates and Time,עידן,era
Dates and Time,תמיד,always
Dates and Time,גיל,age
Dates and Time,דור,generation
Dates and Time,עכשיו,now
Dates and Time,מחרתיים,in two days
Dates and Time,כיום,nowadays
Dates and Time,שנתיים,two years
Dates and Time,חודשיים,two months
Dates and Time,שבועיים,two weeks
Dates and Time,יומיים,two days
Dates and Time,שעתיים,two hours
Dates and Time,שלשום,the day before yesterday
Dates and Time,הווה,present
Adjectives 2,עייף,tired
Adjectives 2,רגיל,"regular, ordinary"
Adjectives 2,אמיתי,"real, true"
Adjectives 2,מיוחד,special
Adjectives 2,זקן,old (people)
Adjectives 2,צעיר,young
Adjectives 2,פתוח,open
Adjectives 2,סגור,closed
Adjectives 2,נקי,clean
Adjectives 2,מלוכלך,dirty
Adjectives 2,חשוב,important
Adjectives 2,מרכזי,central
Adjectives 2,זול,cheap
Adjectives 2,יקר,expensive
Adjectives 2,חזק,strong
Adjectives 2,חלש,weak
Adjectives 2,עני,poor
Adjectives 2,עשיר,rich
Adjectives 2,אפשרי,possible
Adjectives 2,בלתי אפשרי,impossible
Adjectives 2,נהדר,"wonderful, great"
Adjectives 2,פרטי,private
Adjectives 2,חי,alive
Adjectives 2,נחמד,nice
Adjectives 2,הכרחי,necessary
Adjectives 2,עצמאי,independent
Adjectives 2,אחראי,responsible
Adjectives 2,חופשי,free
Adjectives 2,פשוט,simple
Adjectives 2,מצוין,excellent
Adjectives 2,מגעיל,"disgusting, nasty"
Adjectives 2,מושלם,perfect
Adjectives 2,שגוי,incorrect
Adjectives 2,נכון,correct
Adjectives 2,משעמם,boring
Adjectives 2,מעניין,interesting
Adjectives 2,רציני,serious
Adjectives 2,מפורסם,famous
Adjectives 2,שלילי,negative
Adjectives 2,חיובי,positive
Adjectives 2,קשה,"hard, difficult"
Adjectives 2,קל,"light, easy"
Adjectives 2,יעיל,efficient
Adjectives 2,נוח,comfortable
Adjectives 2,מקצועי,professional
Adjectives 2,צבאי,military (adj.)
Adjectives 2,מוכר,familiar
Adjectives 2,רזה,thin
Adjectives 2,שמן,fat
Adverbs,שם,there (location)
Adverbs,פה,here (location)
Adverbs,מאוד,very
Adverbs,עוד,more
Adverbs,כמו,"like, as"
Adverbs,פעם,"once, one time"
Adverbs,כאן,here (location)
Adverbs,די,enough
Adverbs,לעיתים קרובות,"often, frequently"
Adverbs,לעיתים רחוקות,"rarely, infrequently"
Adverbs,בכל זאת,anyway
Adverbs,באמת,"really, truly"
Adverbs,שוב,again
Adverbs,לפעמים,sometimes
Adverbs,לפחות,at least
Adverbs,כמו תמיד,as always
Adverbs,אחרת,"differently, otherwise"
Adverbs,בכל אופן,anyway
Adverbs,לבד,alone
Adverbs,בעיקר,"mostly, mainly"
Adverbs,אחר כך,"later, afterwards"
Adverbs,בדרך כלל,"usually, normally"
Adverbs,מספיק,enough
Adverbs,בקרוב,soon
Adverbs,בינתיים,in the meanwhile
Adverbs,כמעט,"almost, nearly"
Adverbs,מאוחר,late
Adverbs,מוקדם,early
Adverbs,במיוחד,especially
Adverbs,סוף סוף,finally
Adverbs,לא בהכרח,not necessarily
Adverbs,בערך,"approximately, sort of, roughly"
Adverbs,בדיוק,exactly
Adverbs,בקלות,easily
Adverbs,לגמרי,"completely, entirely"
Adverbs,בקושי,"hardly, barely"
Adverbs,לאו דווקא,not necessarily
Adverbs,באופן כללי,"in general, generally"
Adverbs,סביר להניח,"probably, safe to assume"
Adverbs,בכל מקום,everywhere
Adverbs,מיד,immediately
Adverbs,ביחד,together
Adverbs,כל כך,so (much/many)
Adverbs,בהחלט,"definitely, certainly"
Adverbs,לאחרונה,"lately, recently"
Family,בן,son
Family,בת,daughter
Family,אח,brother
Family,אחות,sister
Family,אחים,brothers
Family,אחיות,sisters
Family,משפחה,family
Family,הורה,parent
Family,בעל,husband
Family,אישה,wife
Family,שם משפחה,surname
Family,שם פרטי,first name
Family,נישואין,marriage
Family,סבא,grandfather
Family,סבתא,grandmother
Family,נכד,grandson
Family,נכדה,granddaughter
Family,חתונה,wedding
Family,דוד,uncle
Family,דודה,aunt
Family,בן דוד,cousin (m)
Family,בת דודה,cousin (f)
Family,כלה,bride
Family,חתן,groom
Family,בן זוג,partner (m)
Family,בת זוג,partner (f)
Family,אחיין,nephew
Family,אחיינית,niece
Family,תינוק,baby
Family,חיים,life
Home,בית,"house, home"
Home,מפתח,key
Home,מיטה,bed
Home,ספה,"sofa, couch"
Home,כיסא,chair
Home,שולחן,table
Home,שירותים,toilet
Home,מדרגות,stairs
Home,חלון,window
Home,דירה,apartment
Home,דלת,door
Home,אמבטיה,"bath, bathtub"
Home,חדר,room
Home,מזגן,air-conditioner
Home,צעצוע,toy
Home,אור,light
Home,מנורה,lamp
Home,גג,roof
Home,דוד,boiler
Home,בניין,building
Home,קיר,wall
Home,חדר שינה,bedroom
Home,מרפסת,"balcony, porch"
Home,מרתף,basement
Home,שער,gate
Home,כלי עבודה,"tool, instrument"
Home,מראה,mirror
Home,רהיט,a piece of furniture
Home,כתובת,address
Home,סלון,"living room, lounge"
Home,מכשיר,"appliance, instrument"
Home,רצפה,floor
Home,שטיח,carpet
Home,תקרה,ceiling
Home,עליית גג,attic
Home,חדר אורחים,"guest room, lounge"
Home,חדר אוכל,dining room
Home,וילון,curtain
Home,ארון,"closet, cupboard"
Home,כרית,pillow
Home,שמיכה,"blanket, quilt"
Home,שואב אבק,vacuum (cleaner)
Home,כלים,"dishes, instruments, tools"
Home,ברז,"tap, faucet"
Home,כיור,sink
Home,סמרטוט,rag
Home,גינה,garden
Home,חצר,yard
Home,כביסה,laundry
Home,מכונת כביסה,washing machine
Home,שכן,neighbor
Home,מקלט,shelter
Home,מטאטא,broom
Home,אשפה,"garbage, rubbish"
Home,מקרר,refrigerator
Home,מעלית,"elevator, lift"
Construct State 1,בקבוק מים,bottle of water
Construct State 1,בקבוק יין,bottle of wine
Construct State 1,מיץ תפוזים,orange juice
Construct State 1,חדר אורחים,guest room
Construct State 1,חדר אוכל,dining room
Construct State 1,עוגת שוקולד,chocolate cake
Construct State 1,עוגת גבינה,cheese cake
Construct State 1,מכונת כביסה,washing machine
Construct State 1,ארוחת בוקר,breakfast
Construct State 1,ארוחת צהריים,lunch
Construct State 1,ארוחת ערב,dinner
Construct State 1,בית קפה,"coffee shop, café"
Construct State 1,בית ספר,school
Construct State 1,בית כנסת,synagogue
Construct State 1,בית מלון,hotel
Construct State 1,בית חולים,hospital
Construct State 1,בית משפט,court
Weather,מזג אוויר,weather
Weather,גשם,rain
Weather,שלג,snow
Weather,רעם,thunder
Weather,ברק,lightning
Weather,שמש,sun
Weather,ברד,hail
Weather,סופה,storm
Weather,אובך,haze
Weather,מעונן,cloudy
Weather,גשום,rainy
Weather,טמפרטורה,temperature
Weather,רוח,wind
Weather,גל חום,heat wave
Weather,גל קור,"cold front, cold spell"
Weather,ענן,cloud
Weather,הוריקן,hurricane
Weather,טורנדו,tornado
Weather,הצפה,flood
Weather,מעלות,degrees
Weather,ערפל,fog
Places,חוף ים,beach
Places,בית מלון,hotel
Places,ישראל,Israel
Places,לפנות,to turn
Places,קדימה,forward
Places,אחורה,backward
Places,ימין,right
Places,שמאל,left
Places,שדה תעופה,airport
Places,רחוב,"street, road"
Places,עיר,city
Places,טירה,castle
Places,מדינה,"country, state"
Places,בית כנסת,synagogue
Places,לאורך,along
Places,כנסייה,church
Places,מקום,"place, space"
Places,מסגד,mosque
Places,הביתה,"homebound, home"
Places,נכס,"asset, property"
Places,מרכז,center
Places,משרד,office
Places,איזור,area
Places,פארק,park
Places,מבנה,structure
Places,ירושלים,Jerusalem
Places,מכולת,grocery
Places,חנות,"store, shop"
Places,סופרמרקט,supermarket
Places,מחוז,district
Places,אי,island
Places,בנק,bank
Places,בר,bar
Places,קרקע,"ground, soil"
Places,קניון,"mall, canyon"
Places,תחנה,station
Places,עמק,valley
Places,תל אביב,Tel Aviv
Places,מוזיאון,museum
Places,פינה,corner
Places,ברחבי,across
Places,כפר,village
Places,מסלול,"course, path, route"
Places,שכונה,neighborhood
Places,שדרה,avenue
Places,שטח,"area, perimeter"
Places,גבול,border
Places,בית כלא,"prison, jail"
Places,מגדל,tower
Places,ארמון,palace
Places,עיירה,town
Places,בית קולנוע,cinema
Places,עיר בירה,capital city
Places,קהילה,community
Places,נמל,port
Places,גשר,bridge
Places,מערב,west
Places,מזרח,east
Places,צפון,north
Places,דרום,south
Places,כיכר,"square, roundabout"
Places,חווה,farm
Places,גן חיות,zoo
Places,שוק,market
People,אדם,"man, Adam"
People,חבר,friend (m)
People,חברה,friend (f)
People,ידיד,friend (m) - casual
People,ידידה,friend (f) - casual
People,ציבור,public
People,ועדה,committee
People,כנס,convention
People,אויב,enemy
People,תרבות,culture
People,מערכת יחסים,relationship
People,אוכלוסייה,population
People,נוער,youth
People,אנשים,people
People,פרט,individual
People,נער,"boy, teenager"
People,קורבן,victim
People,אזרח,citizen
People,זוג,couple
People,ישראלי,Israeli
People,צרפתי,French
People,אמריקאי,American
People,אנגלי,English
People,אוסטרלי,Australian
People,רוסי,Russian
People,ספרדי,"Spanish, Spaniard"
People,עַם,nation
Numbers 2,ראשון,first
Numbers 2,שני,second (ordinal)
Numbers 2,שלישי,third
Numbers 2,רביעי,fourth
Numbers 2,חמישי,fifth
Numbers 2,שישי,sixth
Numbers 2,שביעי,seventh
Numbers 2,שמיני,eighth
Numbers 2,תשיעי,ninth
Numbers 2,עשירי,tenth
Numbers 2,שלושים,thirty
Numbers 2,ארבעים,forty
Numbers 2,חמישים,fifty
Numbers 2,שישים,sixty
Numbers 2,שבעים,seventy
Numbers 2,שמונים,eighty
Numbers 2,תשעים,ninety
Numbers 2,מאה,hundred
Numbers 2,מאתיים,two hundred
Numbers 2,אלף,thousand
Numbers 2,אלפיים,two thousand
Numbers 2,מיליון,million
Numbers 2,מיליארד,billion
Numbers 2,ממוצע,average
Numbers 2,אחוז,"percent, percentage"
Numbers 2,חצי,half
Numbers 2,רוב,"majority, most"
Numbers 2,כמות,quantity
Numbers 2,סך הכל,"total, overall"
Education,מורָה,teacher (f)
Education,מורֶה,teacher (m)
Education,פתק,note
Education,עט,pen
Education,קורס,course (education)
Education,חינוך,education
Education,שיעור,lesson
Education,ספרייה,library
Education,מבחן,"test, exam"
Education,לימוד,study
Education,דוגמה,example
Education,עיפרון,pencil
Education,שיעורי בית,homework
Education,כיתה,"classroom, class"
Education,מילה,word
Education,ידע,knowledge
Education,פרק,"chapter, episode"
Education,מצגת,presentation
Education,רעיון,idea
Education,אוניברסיטה,university
Education,הרצאה,lecture
Education,פרופסור,professor
Education,תואר,degree
Education,סטודנט,student
Education,מרצה,lecturer
Education,דוקטורט,"doctorate, PhD"
Education,הכנה,preparation
Education,מטרה,"target, objective"
Education,משמעות,meaning
Education,ללמד,to teach
Education,לתרגל,to practice
Education,היסטוריה,history
Education,ציור,"painting, drawing"
Education,מסמך,document
Education,עמוד,page
Education,הסבר,explanation
Education,תוכנית,"plan, program"
Education,קושי,difficulty
Travel,לטייל,to travel
Travel,מכונית,car
Travel,אופניים,"bike, bicycle"
Travel,מזוודה,suitcase
Travel,אוטובוס,bus
Travel,אופנוע,"motorbike, bike"
Travel,לרכב,to ride (a bike)
Travel,חופשה,vacation
Travel,רכבת,train
Travel,סירה,boat
Travel,מטוס,plane
Travel,לנהוג,to drive
Travel,רציף,"pier, dock, platform"
Travel,לשוט,to sail
Travel,לטוס,to fly (in a plane)
Travel,תחנת רכבת,train station
Travel,תחנת אוטובוס,bus station
Travel,מפה,map
Travel,תיק גב,backpack
Travel,ספינה,ship
Travel,קו,line
Travel,מדריך,guide
Travel,לנסוע,"to drive, to travel, to go"
Travel,להפליג,to sail
Travel,טיול,trip
Travel,ארצות הברית,the United States
Travel,ביקור,visit
Travel,הרפתקה,adventure
Travel,טיסה,flight
Travel,תחבורה,transportation
Travel,רכב,vehicle
Travel,רכבת תחתית,subway
Travel,מסע,"voyage, journey"
Travel,המזרח התיכון,the Middle East
Travel,הים התיכון,the Mediterranean
Travel,ארץ,"land, country"
Travel,צרפת,France
Travel,ספרד,Spain
Travel,אנגליה,England
Travel,יוון,Greece
Travel,גרמניה,Germany
Travel,מצרים,Egypt
Travel,רוסיה,Russia
Travel,סין,China
Travel,עולם,world
Travel,יבשת,continent
Travel,אירופה,Europe
Travel,אמריקה,America
Travel,אפריקה,Africa
Travel,אוסטרליה,Australia
Travel,אסיה,Asia
Travel,דרכון,passport
Travel,דלק,"fuel, petrol"
Travel,תייר,tourist
Travel,חוץ לארץ,"overseas, abroad"
Travel,בין-לאומי,international
Travel,אירופאי,European
Comparison,יותר,more
Comparison,פחות,less
Comparison,הכי,most
Comparison,דומה,similar
Objects,עלון,"flyer, pamphlet"
Objects,מגזין,magazine
Objects,טלוויזיה,TV
Objects,מחשב,computer
Objects,שעון,watch
Objects,רדיו,radio
Objects,חפץ,object
Objects,שולחן עבודה,desk
Objects,שעון יד,(wrist) watch
Objects,ארנק,"wallet, purse"
Objects,סוללה,battery
Objects,סל,basket
Objects,טלפון נייד,mobile phone
Objects,סבון,soap
Objects,קופסה,box
Objects,מסך,"screen, monitor"
Objects,טלפון,telephone
Objects,תיק,bag
Objects,מצעים,linen
Objects,גלגל,wheel
Objects,בריכה,pool
Objects,מספריים,scissors
Objects,מכתב,letter
Objects,מטרייה,umbrella
Objects,פעמון,bell
Objects,ספוג,sponge
Objects,מחבת,pan
Objects,ספל,mug
Objects,שורש,root
Objects,עצם,"object, bone"
Objects,מכונה,machine
Objects,נייר,paper
Objects,דגל,flag
Objects,שרשרת,chain
Objects,חוט,string
Objects,חתיכה,piece
Objects,מנוע,engine
Objects,מסרק,comb
Objects,אבקה,powder
Objects,גדר,fence
Objects,מתנה,"gift, present"
Objects,קניות,shopping
Objects,נר,candle
Adjectives 3,שמאלי,left-handed
Adjectives 3,ימני,right-handed
Adjectives 3,חוקי,legal
Adjectives 3,שונה,different
Adjectives 3,מקומי,local
Adjectives 3,נדיר,rare
Adjectives 3,פופולרי,popular
Adjectives 3,זמין,available
Adjectives 3,רשמי,official
Adjectives 3,סופי,final
Adjectives 3,שלם,"complete, whole"
Adjectives 3,מיידי,immediate
Adjectives 3,יחיד,single
Adjectives 3,מסורתי,traditional
Adjectives 3,מודרני,modern
Adjectives 3,היסטורי,historic
Adjectives 3,חכם,smart
Adjectives 3,טיפש,stupid
Adjectives 3,מכוער,ugly
Adjectives 3,מדהים,amazing
Adjectives 3,דתי,religious
Adjectives 3,תרבותי,cultural
Adjectives 3,מוכן,ready
Adjectives 3,עמוק,deep
Adjectives 3,טהור,pure
Adjectives 3,ראשי,main
Adjectives 3,חד,sharp
Adjectives 3,בטוח,certain
Adjectives 3,בודד,"lonely, single"
Adjectives 3,טרי,fresh
Adjectives 3,עבה,thick
Adjectives 3,צר,narrow
Adjectives 3,רחב,wide
Adjectives 3,מרתק,fascinating
Adjectives 3,מוזר,"strange, weird"
Adjectives 3,עולמי,global
Adjectives 3,בריא,healthy
Adjectives 3,תחתון,under (adj.)
Adjectives 3,עליון,upper
Adjectives 3,עתיק,ancient
Adjectives 3,יומי,daily
Adjectives 3,אישי,personal
Adjectives 3,שבועי,weekly
Adjectives 3,גרוע,bad
Adjectives 3,מרשים,impressive
Adjectives 3,חודשי,montly
Adjectives 3,שנתי,yearly
Adjectives 3,נפלא,wonderful
Abstract Objects 1,חלק,part
Abstract Objects 1,השקפה,"perspective, point of view"
Abstract Objects 1,שירות,service
Abstract Objects 1,רשימה,list
Abstract Objects 1,פקודה,"command, order"
Abstract Objects 1,מערכת,system
Abstract Objects 1,קבוצה,group
Abstract Objects 1,סוג,type
Abstract Objects 1,עיצוב,design
Abstract Objects 1,מקרה,"occurance, incident"
Abstract Objects 1,שינוי,change
Abstract Objects 1,גירסה,version
Abstract Objects 1,שליטה,control
Abstract Objects 1,שיחה,conversation
Abstract Objects 1,חשבון,"account, tab, check"
Abstract Objects 1,פרופיל,profile
Abstract Objects 1,רמה,level
Abstract Objects 1,רעש,noise
Abstract Objects 1,תיאור,description
Abstract Objects 1,תמונה,"picture, image"
Abstract Objects 1,תוכן,content
Abstract Objects 1,ערך,value
Abstract Objects 1,קטגורייה,category
Abstract Objects 1,ציוד,equipment
Abstract Objects 1,בעיה,problem
Abstract Objects 1,צד,side
Abstract Objects 1,ביצועים,performences
Abstract Objects 1,אפשרות,possibility
Abstract Objects 1,פעילות,"activity, action"
Abstract Objects 1,תוצאה,result
Abstract Objects 1,הסכם,agreement (abs.)
Abstract Objects 1,פיתרון,solution
Abstract Objects 1,ייצור,manufacturing
Abstract Objects 1,הגנה,defense
Abstract Objects 1,מבנה,"structure, formation"
Abstract Objects 1,תגובה,response
Abstract Objects 1,תור,queue
Abstract Objects 1,כניסה,entrance
Abstract Objects 1,השפעה,influence
Abstract Objects 1,משאלה,wish
Abstract Objects 1,תקווה,hope
Abstract Objects 1,הזדמנות,opportunity
Abstract Objects 1,מצב,situation
Abstract Objects 1,יציאה,exit
Abstract Objects 1,ברירה,"option, choice"
Abstract Objects 1,עניין,"matter, interest"
Abstract Objects 1,קול,voice
Abstract Objects 1,תפקיד,role
Abstract Objects 1,הצלחה,success
Abstract Objects 1,כישלון,failure
Abstract Objects 1,משבר,crisis
Abstract Objects 1,פרס,reward
Abstract Objects 1,הקדמה,"intro, preface"
Abstract Objects 1,כוונה,intention
Abstract Objects 1,ציון,grade
Abstract Objects 1,מנוחה,rest
Abstract Objects 1,נושא,subject
Abstract Objects 1,חושך,darkness
Abstract Objects 1,חלופה,alternative
Abstract Objects 1,שיא,"peak, record"
Abstract Objects 1,קצה,edge
Abstract Objects 1,החלטה,decision
Abstract Objects 1,סוף,end
Abstract Objects 1,התחלה,beginning
Languages,שפה,language
Languages,ספרדית,Spanish (lang.)
Languages,צרפתית,French (lang.)
Languages,גרמנית,German (lang.)
Languages,רוסית,Russian (lang.)
Languages,סינית,Chinese (lang.)
Languages,הולנדית,Dutch (lang.)
Languages,איטלקית,Italian (lang.)
Languages,פורטוגזית,Portuguese (lang.)
Languages,שוודית,Swedish (lang.)
Languages,דנית,Danish (lang.)
Languages,ערבית,Arabic (lang.)
Languages,יפנית,Japanese (lang.)
Languages,צ'כית,Czech (lang.)
Languages,יוונית,Greek (lang.)
Languages,הונגרית,Hungarian (lang.)
Languages,אירית,Irish (lang.)
Languages,פולנית,Polish (lang.)
Languages,הינדי,Hindi
Languages,יידיש,Yiddish
Languages,אספרנטו,Esperanto
Languages,מילון,dictionary
Languages,משפט,sentence
Languages,אות,letter
Languages,בלשן,linguist
Languages,בלשנות,Linguistics
Languages,שם עצם,noun
Languages,פועל,verb
Languages,שם תואר,adjective
Languages,פסקה,paragraph
Languages,שורה,line
Languages,פסיק,comma
Languages,נקודה,"period, dot"
Languages,שפת אם,mother tongue
Emergency,הצילו!,help!
Emergency,עזרה,help
Emergency,חילוץ,rescue
Emergency,כבאי,firefighter
Emergency,זהירות,caution
Emergency,חובש,medic
Emergency,לכוד,trapped
Emergency,מקרה חירום,emergency
Emergency,מגן דוד אדום,Magen David Adom
Emergency,החייאה,CPR
Emergency,פצוע,injured
Emergency,מצוקה,distress
Emergency,תאונה,accident
Emergency,שריפה,fire
Emergency,מסוכן,dangerous
Emergency,פיצוץ,explosion
Emergency,עזרה ראשונה,first aid
Emergency,אזעקה,"alarm, siren"
Nature,שמיים,sky
Nature,פרח,flower
Nature,עץ,tree
Nature,יער,forest
Nature,ים,sea
Nature,דשא,grass
Nature,שיח,"bush, shrub"
Nature,אש,fire
Nature,אויר,air
Nature,שדה,field
Nature,חול,sand
Nature,אבן,stone
Nature,כוכב,star
Nature,ירח,moon
Nature,טבע,nature
Nature,אדמה,"ground, earth"
Nature,נהר,river
Nature,כוכב לכת,planet
Nature,כדור הארץ,Earth
Nature,חלל,space
Nature,ורד,rose
Nature,עלה,leaf
Nature,נוף,"view, scenery, landscape"
Nature,אקלים,climate
Nature,חוֹם,heat
Nature,הר,mountain
Nature,יקום,universe
Nature,קרקע,"ground, earth"
Nature,גז,gas
Nature,עשן,smoke
Nature,חומר,"substance, material"
Nature,מדבר,desert
Nature,צמח,plant
Nature,יבול,crop
Nature,אבק,dust
Nature,הר געש,volcano
Nature,קרח,ice
Nature,קרחון,"iceberg, glacier"
Nature,צוק,cliff
Nature,גבעה,hill
Nature,מערה,cave
Nature,שקיעה,sunset
Decisions,לפי דעתי,in my opinion
Decisions,דעה,opinion
Decisions,דיון,discussion
Decisions,ויכוח,argument
Decisions,טעות,mistake
Decisions,מסקנה,conclusion
Decisions,לפי,by
Decisions,לגבי,"regarding, in regards"
Decisions,יתרון,advantage
Decisions,חסרון,disadvantage
Decisions,השלכה,reprecussion
Decisions,הצעה,suggestion
Decisions,הסכמה,agreement (accord)
Present 1,כותב,writes
Present 1,שוחה,swims
Present 1,שומע,hears
Present 1,ישן,sleeps
Present 1,נוגע,touches
Present 1,אומר,says
Present 1,עושה,does
Present 1,עובד,works
Present 1,מוצא,finds
Present 1,תומך,supports
Present 1,לוקח,takes
Present 1,יודע,knows
Present 1,נותן,gives
Present 1,קונה,buys
Present 1,מוכר,sells
Present 1,רושם,"writes, lists"
Present 1,סוגר,closes
Present 1,פותח,opens
Present 1,כואב,aches
Present 1,חושב,thinks
Present 1,חוזר,"returns, comes back"
Present 1,קורא,reads
Present 1,שומר,guards
Present 1,לומד,studies
Present 1,הולך,"walks, goes"
Present 1,כועס,is mad about...
Present 1,כולל,includes
Present 1,זוכר,remembers
Present 1,רץ,runs
Present 1,שר,sings
Present 1,נח,rests
Present 1,עוזב,leaves
Present 1,שוקל,weighs
Present 1,עוזר,helps
Present 1,שונא,hates
Present 1,חותם,signs
Present 1,רוקד,dances
Present 1,יוצר,creates
Present 1,עומד,stands
Present 1,חותך,cuts
Present 1,יושב,sits
Present 1,גדל,grows
Present 1,שוכח,forgets
Present 1,צופה,watches
Present 1,יוצא,"goes out, exits"
Present 1,בוהה,stares
Present 1,שוכר,rents
Present 1,שולח,sends
Present 1,בודק,checks
Present 1,שובר,breaks
Present 1,גונב,steals
Present 1,הופך,turns
Present 1,בורח,"escapes, runs away"
Present 1,מכיר,knows (recognizes)
Present 1,עונֶה,answers
Present 2,מבקש,"asks for, requests"
Present 2,משלם,pays
Present 2,מפספס,misses (not emotion)
Present 2,משחק,"plays, acts"
Present 2,מספר,tells
Present 2,מעצב,designs
Present 2,משנה,changes
Present 2,מנסה,tries
Present 2,מקווה,hopes
Present 2,מחפש,"searches, looking for"
Present 2,מֵגדל,"grows, raises"
Present 2,מסמן,signals
Present 2,מאחל,wishes
Present 2,מערבב,"stirs, mixes"
Present 2,מכבד,respects
Present 2,מסדר,"arranges, organizes"
Present 2,מייבש,dries
Present 2,מחמם,heats up
Present 2,מייבא,imports
Present 2,ממלא,fills
Present 2,מבזבז,wastes
Present 2,מבקר,visits
Present 2,מקבל,receives
Present 2,מרחם,pities
Present 2,מקנא,is jealous of...
Present 2,מטפס,climbs
Present 2,מנצח,wins
Present 2,מאמן,trains (someone)
Present 2,משקר,lies
Present 2,מאחר,is running late
Present 2,מחכה,waits
Present 2,מספק,satisfies
Present 2,מסיים,finishes
Present 2,משכנע,convinces
Present 2,מאבד,loses
Present 2,מצלם,"photographs, shoots"
Present 2,מאמץ,adopts
Present 2,מפחד,is scared of...
Present 2,מאשר,"approves, confirms"
Present 2,מגלה,discovers
Present 2,מגלח,shaves
Present 2,מחדש,renews
Present 2,מברך,"blesses, congratulates"
Present 2,מתאר,describes
Present 2,מתקן,"fixes, repairs"
Present 3,מקשיב,listens
Present 3,מראֶה,shows
Present 3,מאזין,"listens, eavesdrops"
Present 3,מציע,"suggests, offers"
Present 3,מרגיש,feels
Present 3,מכין,prepares
Present 3,מאמין,believes
Present 3,מסכים,agrees
Present 3,מתחיל,starts
Present 3,מגיע,arrives
Present 3,מודה,"admits, thanks"
Present 3,מעביר,"passes, passes on, transfers"
Present 3,מצליח,succeeds
Present 3,מחזיר,returns
Present 3,משיג,"gets, acquires"
Present 3,מסביר,explains
Present 3,משכיר,rents out
Present 3,ממליץ,recommends
Present 3,מחזיק,holds
Present 3,מפיק,produces
Present 3,מניח,puts down
Present 3,מופיע,performs
Present 3,מוסיף,adds
Present 3,מגיש,serves
Present 3,ממשיך,continues
Present 3,מציג,presents
Present 3,מכריז,declares
Present 3,מזמין,invites
Present 3,מרשה,"allows, permits"
Present 3,מזכיר,reminds
Present 3,מעדיף,prefers
Present 3,מתאים,"matches, is compatible"
Present 3,מחליט,decides
Present 3,מבין,understands
Present 3,מכיל,contains
Present 3,מחליף,replaces
Present 3,מעריך,"evaluates, appreciates"
Present 3,מביא,brings
Infinitives 1,לכתוב,to write
Infinitives 1,ללכת,to walk
Infinitives 1,לשחות,to swim
Infinitives 1,להיות,to be
Infinitives 1,לראות,to see
Infinitives 1,לבשל,to cook
Infinitives 1,לישון,to sleep
Infinitives 1,לרוץ,to run
Infinitives 1,לשלם,to pay
Infinitives 1,לתת,to give
Infinitives 1,לעשות,to do
Infinitives 1,לדבר,"to talk, to speak"
Infinitives 1,להגיד,"to tell, to say"
Infinitives 1,לשחק,to play
Infinitives 1,לשתות,to drink
Infinitives 1,לסגור,to close
Infinitives 1,לפתוח,to open
Infinitives 1,לשמוע,to hear
Infinitives 1,לגעת,to touch
Infinitives 1,לומר,to say
Infinitives 1,לשים,to put
Infinitives 1,לקבל,"to get, to receive"
Infinitives 1,למצוא,to find
Infinitives 1,לעזור,to help
Infinitives 1,לבוא,to come
Infinitives 1,לקנות,to buy
Infinitives 1,לבקר,to visit
Infinitives 1,לעבוד,to work
Infinitives 1,לקחת,to take
Infinitives 1,לדעת,to know
Infinitives 1,לחזור,to return
Infinitives 1,לגור,to live
Infinitives 1,לחתוך,to cut
Infinitives 1,לסבול,to suffer
Infinitives 1,לספור,to count
Infinitives 1,למנוע,to prevent
Infinitives 1,לצייר,"to paint, to draw"
Infinitives 1,להכיל,to contain
Infinitives 1,לברוח,"to run away, to escape"
Infinitives 2,להאמין,to believe
Infinitives 2,להשפיע,to influence
Infinitives 2,להגדיל,"to increase, to enlarge"
Infinitives 2,לשפר,to improve
Infinitives 2,להמשיך,to continue
Infinitives 2,להגדיר,to define
Infinitives 2,לענות,to answer
Infinitives 2,לכסות,to cover
Infinitives 2,לאפשר,to allow
Infinitives 2,לנצח,to win
Infinitives 2,לפתח,to develop
Infinitives 2,לסיים,to finish
Infinitives 2,להרגיש,to feel
Infinitives 2,להבין,to understand
Infinitives 2,למות,to die
Infinitives 2,להסכים,to agree
Infinitives 2,לחכות,to wait
Infinitives 2,להסביר,to explain
Infinitives 2,להגיב,"to react, to retaliate"
Infinitives 2,להפסיד,to lose
Infinitives 2,לקרוא,to read
Infinitives 2,להשתמש,to use
Infinitives 2,להתאושש,to recover
Infinitives 2,לזכור,to remember
Infinitives 2,לפגוש,to meet
Infinitives 2,לטוס,to fly (in a plane)
Infinitives 2,לעצור,to stop
Infinitives 2,לעזוב,to leave
Infinitives 2,להישאר,to stay
Infinitives 2,לבנות,to build
Infinitives 2,לשבור,to break
Infinitives 2,לגרום,to cause
Infinitives 2,לאהוב,to love
Infinitives 2,לשקול,to weigh
Infinitives 2,לחשוב,to think
Infinitives 2,להרגיש,to feel
Infinitives 2,להחמיץ,to miss
Past 1,הייתי,I was
Past 1,הייתְ,you were
Past 1,הייתָ,you were
Past 1,הייתן,you were
Past 1,הייתם,you were
Past 1,היינו,we were
Past 1,הייתה,she was
Past 1,היה,he was
Past 1,מצא,found
Past 1,שתה,drank
Past 1,חזר,returned
Past 1,אהב,loved
Past 1,הלך,walked
Past 1,רצה,wanted
Past 1,ראה,saw
Past 1,אמר,said
Past 1,חשב,thought
Past 1,אכל,ate
Past 1,עשה,did
Past 1,שמע,heard
Past 1,עזב,left
Past 1,נפל,fell
Past 1,עבד,worked
Past 1,רץ,ran
Past 1,בא,came
Past 1,שם,put (past)
Past 1,שבר,broke
Past 1,שר,sang
Past 1,קרא,read (past)
Past 1,לקח,took
Past 1,נתן,gave
Past 1,ידע,knew
Past 1,כתב,wrote
Past 1,קפץ,jumped
Past 1,גנב,stole
Past 1,ניסה,tried
Past 1,דיבר,spoke
Past 1,בישל,cooked
Past 1,איבד,lost
Past 1,שיחק,played
Past 1,סיפר,told
Past 1,ביקש,"asked (for something), requested"
Past 1,סיים,finished
Past 1,שילם,paid
Past 1,שיקר,lied
Past 1,חיכה,waited
Past 1,ניצח,won
Past 1,בזבז,spent
Past 1,קינא,was jealous
Past 1,הכיר,knew (someone)
Past 1,הקשיב,listened
Past 1,הראה,showed
Past 1,הגיע,arrived
Past 1,החליט,decided
Past 1,התחיל,started
Past 1,קנה,bought
Past 1,הרגיש,felt
Past 1,הסביר,explained
Past 1,הציע,"proposed, offered"
Past 1,האמין,believed
Past 1,הזמין,"invited, ordered"
Past 1,הבין,understood
Present Reflexive,מתקלח,showers (oneself)
Present Reflexive,מתגלח,shaves (oneself)
Present Reflexive,מסתפר,takes a haircut
Present Reflexive,מסתכל,looks
Present Reflexive,משתמש,uses
Present Reflexive,מתקשר,calls (telephone)
Present Reflexive,מתחזק,gets stronger/more religious
Present Reflexive,מתאמן,"practices, trains"
Present Reflexive,מתקרב,comes closer
Present Reflexive,מתחנך,educates (oneself)
Present Reflexive,מתחנן,begs
Present Reflexive,מתגבר,overcomes
Present Reflexive,מסתיים,finishes (passive)
Present Reflexive,מתגעגע,misses (feeling)
Present Reflexive,מסתובב,turns around
Present Reflexive,מתקרר,cools off (passive)
Present Reflexive,מתחמם,heats up (passive)
Present Reflexive,מזדקן,gets old
Present Reflexive,מתאושש,recovers
Present Reflexive,מתחבא,hides
Present Reflexive,משתכר,gets drunk
Present Reflexive,משתנה,changes (oneself)
Present Reflexive,מתאחד,unites (with someone else)
Present Reflexive,מתחבר,connects (oneself)
Present Reflexive,מתנתק,disconnects (oneself)
Present Reflexive,מתייעץ,consults (with someone)
Present Reflexive,מתכונן,gets (oneself) ready
Present Reflexive,מצטרף,joins
Present Reflexive,מתמודד,deals with
Present Reflexive,מתעלם,ignores
Present Reflexive,מתפלל,prays
Present Reflexive,מתנצל,apologizes
Present Reflexive,מתבלבל,gets confused
Present Reflexive,מתעמל,works out
Imperatives 1,לך,walk! / go!
Imperatives 1,רוץ,run!
Imperatives 1,עזור,help!
Imperatives 1,בוא,come!
Imperatives 1,שמור,save! / keep!
Imperatives 1,תן,give!
Imperatives 1,עשֵה,do!
Imperatives 1,עצור,stop!
Imperatives 1,קח,take!
Imperatives 1,דע,know!
Imperatives 1,קנֵה,buy!
Imperatives 1,פְתח,open!
Imperatives 1,שים,put!
Imperatives 1,טוס,fly!
Imperatives 1,שב,sit!
Imperatives 1,שְכח,forget!
Imperatives 1,צפה,watch! / expect!
Imperatives 1,שלח,send!
Imperatives 1,שתה,drink!
Imperatives 1,צא,go out!
Imperatives 1,דבר,talk! / speak!
Imperatives 1,נסה,try!
Imperatives 1,חפש,search! / look for!
Imperatives 1,סמן,mark! / indicate!
Imperatives 1,תקן,fix! / repair!
Imperatives 1,קבל,accept!
Imperatives 1,רחם,have mercy!
Imperatives 1,ערבב,mix! / stir!
Imperatives 1,חכה,wait!
Imperatives 1,סָיים,finish!
Imperatives 1,צלם,take a picture!
Imperatives 1,ברך,bless!
Imperatives 1,למד,learn! / study!
Imperatives 1,הקשב,listen!
Imperatives 1,הראה,show!
Imperatives 1,הרגש,feel!
Imperatives 1,האמן,believe!
Imperatives 1,התחל,start!
Imperatives 1,החזר,return! (something)
Imperatives 1,הוסף,add!
Imperatives 1,הזמן,invite!
Imperatives 1,הצג,present!
Imperatives 1,החלט,decide!
Imperatives 1,החלף,change!
Imperatives 1,הזכר,remind!
Imperatives 1,התקלח,take a shower!
Imperatives 1,הסתכל,look!
Imperatives 1,התקרב,come closer!
Imperatives 1,התחבא,hide!
Imperatives 1,התחבר,connect!
Imperatives 1,הצטרף,join!
Imperatives 1,התעלם,ignore!
Imperatives 1,התפלל,pray!
Imperatives 1,התכונן,get prepared!
Imperatives 1,הסתפר,cut your hair!
Imperatives 1,השתמש,use!
Future 1,אהיה,I will be
Future 1,תהיה,you/she will be
Future 1,תהיי,you will be
Future 1,נהיה,we will be
Future 1,תהיו,you will be
Future 1,יהיו,they will be
Future 1,תהיינה,you/they will be
Future 1,יהיה,he will be
Future 1,יאכל,will eat
Future 1,ישתה,will drink
Future 1,יכתוב,will write
Future 1,ישחה,will swim
Future 1,יראה,will see
Future 1,ישמע,will hear
Future 1,יעשה,will do
Future 1,יחשוב,will think
Future 1,יאהב,will love
Future 1,יתן,will give
Future 1,ילך,will go
Future 1,יעמוד,will stand
Future 1,ישלם,will pay
Future 1,יפספס,will miss
Future 1,ישנה,will change
Future 1,ינסה,will try
Future 1,יבחר,will choose/elect
Future 1,ידבר,will talk/speak
Future 1,יחפש,will search/look for
Future 1,יבקר,will visit
Future 1,יאשר,will approve/authorize
Future 1,יקשיב,will listen
Future 1,יתחיל,will start/begin
Future 1,יגיע,will arrive
Future 1,יסביר,will explain
Future 1,יַראה,will show
Future 1,יגיד,will say/tell
Future 1,יזמין,will invite
Future 1,יזכיר,will remind
Future 1,יחליט,will decide
Future 1,יבין,will understand
Future 1,יסכים,will agree
Future 1,ישלח,will send
Future 1,יסתכל,will look
Future 1,ישתמש,will use
Future 1,יתקשר,will call (phone)
Future 1,יתקרב,will come closer
Future 1,יתגעגע,will miss (feeling)
Future 1,ישתנה,will change
Future 1,יצטרף,will join
Future 1,יתקלח,will shower
Future 1,יתנצל,will apologize
Future 1,יתעלם,will ignore
Future 1,יתכונן,will prepare
Future 1,יתחבר,will connect
Future 1,יבוא,will come
Passive,רצוי,"wanted, desirable"
Passive,שבור,broken
Passive,אהוב,loved
Passive,כתוב,written
Passive,אכול,eaten
Passive,עשוי,made
Passive,קשור,"tied, related, connected"
Passive,נגוע,infected (passive)
Passive,ידוע,known (passive)
Passive,קנוי,bought (passive)
Passive,שמור,saved (passive)
Passive,חתוך,cut (passive)
Passive,צפוי,"anticipated, expected (pass.)"
Passive,זכור,recalled (passive)
Passive,מבושל,cooked (passive)
Passive,מנוסה,experienced (passive)
Passive,מדובר,discussed (passive)
Passive,מעורבב,mixed (pass.)
Passive,מבוזבז,wasted (passive)
Passive,משונה,"strange, peculiar (passive)"
Passive,ממולא,"filled, stuffed (passive)"
Passive,משוכנע,convinced (passive)
Passive,מסודר,organized (passive)
Passive,משותף,"joined, communal (passive)"
Passive,מסוים,"particular, specific (passive)"
Passive,מקובל,accepted (passive)
Passive,מורכב,composed (passive)
Passive,מוזמן,invited (passive)
Passive,מוצלח,successful (passive)
Passive,מוחלף,replaced (passive)
Passive,מובן,understandable (passive)
Passive,מוחלט,"definitive, total (passive)"
Passive,מוסבר,explained (passive)
Passive,מוגבל,restricted (passive)
Passive,מושפע,influenced (passive)
Passive,מודאג,worried (passive)
Passive,מותאם,"compatible, adjusted (passive)"
Nif'al,נראה,seen
Nif'al,נכשל,failed
Nif'al,נגמר,finished
Nif'al,נכנס,entered
Nif'al,נשמע,was heard
Nif'al,נסגר,was closed
Nif'al,נפתח,was opened
Nif'al,נאכל,was eaten
Nif'al,נכתב,was written
Nif'al,נגרם,was caused
Nif'al,נקרא,was read
Nif'al,נפגש,met
Nif'al,נשאל,was asked
Nif'al,נעשה,was done
Nif'al,ניתן,was given
Nif'al,נעלם,disappeared
Nif'al,נפרד,"separated, broke up"
Nif'al,נשרף,was burnt
Nif'al,נשלח,was sent
Nif'al,נפגע,was hurt
Nif'al,נאמר,was said
Nif'al,נשאר,stayed
Nif'al,נהנה,"enjoyed, had fun"
Imperatives 2,אכול,eat!
Imperatives 2,סגור,close!
Imperatives 2,חזור,return!
Imperatives 2,חתוך,cut!
Imperatives 2,עמוד,stand!
Imperatives 2,כָּבֵּד,respect! / honor!
Imperatives 2,בקר,visit!
Imperatives 2,שבוֹר,break!
Imperatives 2,לבש,wear!
Imperatives 2,שְאל,ask!
Imperatives 2,ספּר,tell!
Imperatives 2,ענֵה,answer!
Imperatives 2,הישאר,stay!
Imperatives 2,היכנס,enter!
Imperatives 2,היפגש,meet!
Past 2,התחבא,hid
Past 2,התפוצץ,exploded
Past 2,התחתן,got married
Past 2,התיעץ,consulted
Past 2,התלונן,complained
Past 2,התנצל,apologized
Past 2,התפשט,got undressed
Past 2,התקשר,called (phone)
Past 2,התרחץ,washed (himself)
Past 2,השתכר,got drunk
Past 2,הפסיק,stopped
Past 2,התאושש,recovered
Past 2,התחנן,begged
Past 2,התפלל,prayed
Past 2,התעלם,ignored
Past 2,התגלח,shaved (himself)
Past 2,התנדב,volunteered
Past 2,התעלל,abused
Past 2,המשיך,continued
Past 2,קיבל,received
Past 2,ירד,went down
Feelings,משועמם,bored
Feelings,מדוכא,depressed
Feelings,מאושר,happy
Feelings,נשיקה,kiss
Feelings,מאוהב,in love
Feelings,מופתע,surprised
Feelings,דוחה,repulsive
Feelings,אופטימי,optimistic
Feelings,פסימי,pessimistic
Feelings,מביך,embarrassing
Feelings,רגש,emotion
Feelings,רגוע,calm
Feelings,הלם,shock
Feelings,להצטער,to be sorry
Feelings,להיעלב,to be offended
Feelings,לנשק,to kiss
Feelings,לחבק,to hug
Feelings,לנחם,to comfort
Feelings,מבולבל,confused
Feelings,חסר-אונים,helpless
Feelings,עוין,hostile
Feelings,שובב,"naughty, cheeky"
Feelings,פגוע,offended
Feelings,דחוי,rejected
Feelings,ביישן,shy
Feelings,רגיש,"sensitive, emotional"
Feelings,בודד,lonely
Feelings,לבכות,to cry
Feelings,להתלהב,to be enthusiastic
Feelings,להעריץ,to adore
Feelings,דמעה,tear
Feelings,אושר,happiness
Abstract Objects 2,כבוד,"honor, respect"
Abstract Objects 2,תועלת,value
Abstract Objects 2,מאמץ,effort
Abstract Objects 2,תשומת לב,attention
Abstract Objects 2,אופי,character
Abstract Objects 2,רשות,permission
Abstract Objects 2,מציאות,reality
Abstract Objects 2,התנהגות,behavior
Abstract Objects 2,מקור,source
Abstract Objects 2,כיוון,direction
Abstract Objects 2,סוד,secret
Abstract Objects 2,ניסיון,experience
Abstract Objects 2,נזק,damage
Abstract Objects 2,חתימה,signature
Abstract Objects 2,סמל,"symbol, icon"
Abstract Objects 2,עמדה,position
Abstract Objects 2,כוח,"power, strength"
Abstract Objects 2,אחריות,responsibility
Abstract Objects 2,ספק,doubt
Abstract Objects 2,פחד,fear
Abstract Objects 2,הומור,humor
Abstract Objects 2,גישה,"approach, attitude"
Abstract Objects 2,מסורת,tradition
Abstract Objects 2,שנאה,hatred
Abstract Objects 2,סכנה,danger
Abstract Objects 2,ביטוי,expression
Abstract Objects 2,רצח,murder
Abstract Objects 2,הנאה,enjoyment
Abstract Objects 2,חיוך,smile
Abstract Objects 2,צל,shadow
Abstract Objects 2,הפתעה,surprise
Abstract Objects 2,זיכרון,memory
Abstract Objects 2,הפסד,loss
Abstract Objects 2,ניצחון,victory
Abstract Objects 2,נפילה,fall
Abstract Objects 2,אמת,truth
Abstract Objects 2,שקר,lie
Abstract Objects 2,חוש,sense
Abstract Objects 2,טובה,favor
Abstract Objects 2,תכונה,trait
Abstract Objects 2,תשוקה,desire
Abstract Objects 2,הבדל,difference
Abstract Objects 2,בסיס,basis
Abstract Objects 2,יופי,beauty
Abstract Objects 2,זהות,identity
Abstract Objects 2,חשיבות,importance
Abstract Objects 2,מזל,luck
Abstract Objects 2,עדיפות,priority
Construct State 2,ראש-ממשלה,prime minister
Construct State 2,חגורת-בטיחות,"safety belt, seat belt"
Construct State 2,תולעת-ספרים,book worm
Construct State 2,הפסקת-אוכל,"lunch break, ""food"" break"
Construct State 2,כלי-נשק,weapon
Construct State 2,שטיפת-מוח,brainwash
Construct State 2,שומר-ראש,bodyguard
Construct State 2,פסק-זמן,timeout
Construct State 2,נהג-מונית,taxi driver
Construct State 2,מגדל-שמירה,watch tower
Construct State 2,שעון-עצר,stopwatch
Construct State 2,פניית-פרסה,U-turn
Construct State 2,בית-מלאכה,workshop
Construct State 2,אוצר-מילים,vocabulary
Construct State 2,מברשת-שיניים,toothbrush
Construct State 2,ארגז-כלים,toolbox
Construct State 2,משחת-שיניים,toothpaste
Construct State 2,סכין-גילוח,(shaving) razor
Construct State 2,תיבת-דואר,mailbox
Construct State 2,עוגת יום-הולדת,birthday cake
Construct State 2,משרד ראש-הממשלה,the PM's office
Construct State 2,חלון חדר-האורחים,the window of the guest room
Medical,יד,hand
Medical,עין,eye
Medical,זרוע,arm
Medical,אצבע,finger
Medical,ראש,head
Medical,אוזן,ear
Medical,לב,heart
Medical,חזה,"chest, breast"
Medical,כף-יד,palm (and back of hand)
Medical,בטן,abdomen
Medical,צוואר,neck
Medical,שיער,hair
Medical,מרפק,elbow
Medical,פנים,face
Medical,עור,skin
Medical,גב,back (body part)
Medical,לשון,tongue
Medical,גוף,body
Medical,מוח,brain
Medical,פה,mouth
Medical,שן,tooth
Medical,רגל,leg
Medical,עצם,bone
Medical,אף,nose
Medical,כף-רגל,foot
Medical,ברך,knee
Medical,כתף,shoulder
Medical,שריר,muscle
Medical,מטופל,patient
Medical,מחלה,disease
Medical,חולה,sick
Medical,וירוס,virus
Medical,גולגולת,skull
Medical,איבר,organ
Medical,תרופה,medicine
Medical,חלום,dream
Medical,אחות,nurse
Medical,כאב,pain
Medical,טיפול,treatment
Medical,דם,blood
Medical,שפה,"lip, language"
Medical,מרפאה,clinic
Medical,לחץ,pressure
Medical,רפואה,medicine (field)
Medical,הריון,pregnancy
Medical,סם,drug
Medical,בריאות,health
Medical,דיאטה,diet
Medical,לידה,birth
Medical,סרטן,cancer
Medical,ניתוח,"surgery, operation"
Religion,דתי,religious
Religion,דת,religion
Religion,אלוהים,God
Religion,אמונה,"faith, belief"
Religion,רוחני,spiritual
Religion,יהודי,"Jewish (adj), Jew (noun)"
Religion,חילוני,secular
Religion,נוצרי,Christian
Religion,מוסלמי,Muslim
Religion,בודהיסטי,Buddhist
Religion,מלאך,angel
Religion,אל,God
Religion,תפילה,prayer
Religion,קדוש,holy
Religion,אסלאם,Islam
Religion,נצרות,Christianity
Religion,מקדש,temple
Religion,נשמה,soul
Religion,יהדות,Judaism
Religion,משיח,"Messiah, Mashiach"
Religion,כיפת הסלע,Dome of the Rock
Religion,הר הבית,Temple Mount
Religion,מסגד אל-אקצא,Al-Aqsa Mosque
Religion,כנסיית הקבר,The Church of the Holy Sepulchre/the Resurrection
Religion,הר ציון,Mount Zion
Religion,מערת המכפלה,Cave of the Patriarchs/of Machpelah
Religion,הר הזיתים,Mount Olives
Religion,הכותל המערבי,"the Western Wall, the Kotel"
Arts,מצלמה,camera
Arts,אמנות,art
Arts,סגנון,style
Arts,דמות,"character, figure"
Arts,צילום,photography
Arts,צלם,photographer
Arts,ריקוד,dance (noun)
Arts,ספרות,literature
Arts,רקדן,dancer
Arts,אופנה,fashion
Arts,שירה,poetry
Arts,קהל,"audience, crowd"
Arts,גלריה,gallery
Arts,אוסף,collection
Arts,איור,illustration
Arts,מכחול,paintbrush
Arts,ציור,painting
Arts,תיאטרון,"theater, theatre"
Arts,סטודיו,studio
Arts,פסל,sculpture
Arts,הצגה,"show (in theater), performance"
Arts,במה,"stage, platform"
Arts,מפיק,producer
Arts,תסריט,script
Arts,אולפן,studio
Arts,פסקול,soundtrack
Arts,אפקט,effect
Arts,סרט,film
Technology and Communication,חיפוש,search
Technology and Communication,אתר,"site, website"
Technology and Communication,עמוד-בית,homepage
Technology and Communication,אינטרנט,Internet
Technology and Communication,דפדפן,browser
Technology and Communication,סיסמא,password
Technology and Communication,נתונים,data
Technology and Communication,מקלדת,keyboard
Technology and Communication,באג,bug
Technology and Communication,מתכנת,programmer
Technology and Communication,חומרה,hardware
Technology and Communication,תוכנה,software
Technology and Communication,מחשב נייד,laptop
Technology and Communication,קובץ,file
Technology and Communication,מייל,e-mail
Technology and Communication,להוריד,to download
Technology and Communication,רשת,network
Technology and Communication,להעלות,to upload
Technology and Communication,בלוג,blog
Technology and Communication,הורדה,download (noun)
Technology and Communication,העלאה,upload (noun)
Technology and Communication,ערוץ,channel
Technology and Communication,הודעה,message
Technology and Communication,תקשורת,"communication, media"
Technology and Communication,חדשות,news
Technology and Communication,מידע,information
Technology and Communication,טקסט,text
Technology and Communication,שלט,remote (controller)
Technology and Communication,לכבות,to turn off
Technology and Communication,ללחוץ,"to press, to squeeze"
Technology and Communication,רובוט,robot
Technology and Communication,להדליק,to turn on
Technology and Communication,בול,stamp
Technology and Communication,גלויה,postcard
Science,מחקר,research
Science,טכנולוגיה,technology
Science,מדע,science
Science,פרויקט,project
Science,שיטה,"system, method"
Science,תזה,thesis
Science,אנרגיה,energy
Science,גודל,size
Science,מרחק,distance
Science,מהירות,"speed, velocity"
Science,דגימה,sample
Science,משקל,weight
Science,מהדורה,edition
Science,הפצה,distribution
Science,מסה,mass
Science,ניסוי,experiment
Science,מאמר,article
Science,הגדרה,definition
Science,עיקרון,principle
Science,מעבדה,lab
Science,מד-חום,thermometer
Science,נוסחה,"formula, equation"
Science,מחצב,mineral
Science,איכות,quality
Science,גנטיקה,genetics
Science,גיאוגרפיה,geography
Science,ביולוגיה,biology
Science,כימיה,chemistery
Science,פיזיקה,physics
Science,פילוסופיה,philosophy
Science,חקירה,investigation
Science,חשמלי,electric
Science,מחזור,cycle
Science,מדען,scientist
Science,תא,cell
Science,תגלית,discovery
Science,סיבה,"reason, motive"
Science,כוח-משיכה,gravity
Science,תאוריה,theory
Science,עובדה,fact
Science,להגביר,to increase
Science,להנמיך,to decrease
Science,טון,"ton, tonne"
Science,קילוגרם,kilogram
Science,גרם,gram
Science,אלכוהול,alcohol
Music,כינור,violin
Music,להקה,band
Music,זמר,singer
Music,שיר,song
Music,גיטרה,guitar
Music,לנגן,to play (an instrument)
Music,מוזיקה,music
Music,חליל,flute
Music,כלי-נגינה,(musical) instrument
Music,תוף,drum
Music,פסנתר,piano
Music,סינתיסייזר,synthesizer
Music,נבל,harp
Music,ז'אנר,genre
Music,הופעה,show
Music,קונצרט,concert
Music,נגן,(music) player
Music,מלחין,composer
Music,יצירה,"creation, musical piece"
Music,פזמון,chorus
Music,בית,stanza
Music,להלחין,to compose
Music,גיטריסט,guitarist
Music,אקורד,chord
Music,מתופף,drummer
Music,כנר,violinist
Music,חצוצרה,trumpet
Music,מיקרופון,microphone
Music,רמקול,speaker (music)
Music,הד,echo
Music,מנגינה,tune
Music,מפוחית,harmonica
Music,לכוון,to tune (instrument)
Music,מנצח,conductor
Music,סולם,scale (music)
Music,ים-תיכוני,oriental
Music,צליל,"tone, sound"
Sports,כדור,ball
Sports,ספורט,sport
Sports,שחקן,player
Sports,משחק,game
Sports,תחרות,competition
Sports,קבוצה,team
Sports,מחצית,half
Sports,כדורגל,"football, soccer"
Sports,כדורסל,basketball
Sports,נקודה,point
Sports,שער,"goal, gate"
Sports,להבקיע,to score
Sports,איצטדיון,stadium
Sports,תיקו,draw
Sports,מאמן,coach
Sports,מחבט,racket
Sports,אליפות,championship
Sports,כדורעף,volleyball
Sports,אלוף,champion
Sports,מדליה,medal
Sports,שלושער,hat-trick
Sports,מרתון,marathon
Sports,בעיטה,kick
Sports,מכון כושר,gym
Sports,צעד,step
Sports,מגרש,"field, court"
Sports,פנדל,penalty kick
Sports,אוהד,fan (individual)
Sports,חלוץ,striker (football)
Sports,בלם,defender (football)
Sports,שוער,"goalkeeper, goalie"
Sports,עמדה,position
Sports,התקפה,offence
Sports,ליגה,league
Sports,שחייה,swimming
Sports,גביע,"trophy, cup"
Sports,אולימפיאדה,olympics
Sports,אתלט,athlete
Sports,כושר,fitness
Sports,טניס,tennis
Sports,הארכה,overtime
Politics,ביטחון,security
Politics,ממשלה,government
Politics,מס,tax
Politics,מלחמה,war
Politics,נשיא,president
Politics,חוק,law
Politics,זכות,(legal) right
Politics,בטיחות,safety
Politics,המלצה,recommendation
Politics,שלום,peace
Politics,כלכלה,economy
Politics,עירייה,municipality
Politics,מדיניות,policy
Politics,צבא,army
Politics,פשע,crime
Politics,מנהיג,leader
Politics,בחירות,elections
Politics,אסטרטגיה,strategy
Politics,חופש,"freedom, liberty"
Politics,מעצר,arrest (noun)
Politics,קמפיין,campaign
Politics,קונגרס,congress
Politics,נאום,speech
Politics,אלימות,violence
Politics,שחיתות,corruption
Politics,עימות,"confrontation, debate"
Politics,מועמד,candidate
Politics,הכנסת,the Knesset
Politics,פרלמנט,parliament
Politics,שוחד,"bribe, bribery"
Politics,מושל,governor
Politics,חבר-כנסת,MK (member of Knesset)
Politics,שביתה,(workers') strike
Politics,איום,threat
Politics,ראש-עיר,mayor
Politics,עושר,wealth
Politics,אשמה,guilt
Politics,מפלגה,(political) party
Politics,שר,minister
Politics,משרד-האוצר,Ministry of Finance
Politics,משרד-הביטחון,Ministry of Defense
Politics,משרד-המשפטים,Ministry of Justice
Politics,משרד-הפנים,Ministry of Interior
Politics,משרד-החוץ,Ministry of Foreign Affairs
Legends,אגדה,legend
Legends,נסיכה,princess
Legends,ארמון,palace
Legends,דרקון,dragon
Legends,חרב,sword
Legends,נסיך,prince
Legends,מלכה,queen
Legends,ממלכה,kingdom
Legends,חץ,arrow
Legends,מגן,shield
Legends,קשת,bow
Legends,משתה,"feast, banquet"
Legends,אביר,knight
Legends,שיריון,armor
Legends,קסדה,helmet
Legends,לוחם,warrior
Legends,מכשפה,witch
Legends,חומה,wall
Legends,שיקוי,potion
Legends,כישוף,"spell, witchcraft"
Legends,קסם,magic
Legends,קוסם,magician
Legends,שרביט,wand
Legends,מכשף,wizard
Legends,קללה,curse
Legends,משרת,servant
Legends,גיבור,hero
Legends,ערפד,vampire
Legends,זומבי,zombie
Legends,איש-זאב,werewolf
Legends,גולם,golem
Legends,גיבור-על,superhero
Legends,יצור,creature
Legends,מפלצת,monster
Business,כסף,money
Business,דולר,dollar
Business,לעלות,to go up
Business,חוב,debt
Business,השקעה,investment
Business,ביטוח,insurance
Business,שקל,Shekel
Business,כרטיס,ticket
Business,עסקים,business
Business,כרטיס אשראי,credit card
Business,זהב,gold
Business,מחיר,price
Business,אגורה,Agora (Israeli currency equiv. to Cent)
Business,מותג,brand
Business,חוזה,contract
Business,אירו,Euro
Business,עסקה,"transaction, deal"
Business,תקציב,budget
Business,עודף,change (monetary)
Business,מטבע,"currency, coin"
Business,מזומן,cash
Business,קידום,promotion
Business,עלות,cost (noun)
Business,ארגון,organization
Business,שטר,"bill, note, deed"
Business,ריאיון,interview
Business,פגישה,meeting
Business,חברה,company
Business,משכורת,"salary, wages"
Business,מנהל,manager
Business,פרסום,advertisement
Business,שווי,"value, worth"
Business,מסחר,commerce
Business,תעשייה,industry
Business,מוצר,product
Business,פרסומת,commercial
Business,בורסה,stock market
Business,סוכן,agent
Business,שער,(exchange) rate
Business,סיכון,risk
Outer Space,חמה,Sun
Outer Space,נגה,Venus
Outer Space,מאדים,Mars
Outer Space,צדק,Jupiter
Outer Space,שבתאי,Saturn
Outer Space,מערכת-שמש,Solar system
Outer Space,גשושית,probe
Outer Space,החלל החיצון,(the) outer space
Outer Space,חללית,spaceship
Outer Space,מעבורת,shuttle
Outer Space,שיגור,launch
Outer Space,אסטרונאוט,astronaut
Outer Space,לוויין,satellite
Outer Space,מסלול,orbit
Outer Space,מטאור,meteor
Outer Space,מכתש,crater
Outer Space,שביל-החלב,(the) milky way
Outer Space,גלקסיה,galaxy
Outer Space,חור שחור,black hole
Outer Space,ליקוי,eclipse
Jewish Festivals,פסח,Passover
Jewish Festivals,ליל-הסדר,Seder night
Jewish Festivals,שבועות,Shavuot
Jewish Festivals,יציאת מצרים,Exodus
Jewish Festivals,מצה,Matzah
Jewish Festivals,חג,holiday
Jewish Festivals,לחגוג,to celebrate
Jewish Festivals,יום כיפור,Yom Kippur
Jewish Festivals,סוכה,"Sukka, Sukkah"
Jewish Festivals,ראש השנה,Rosh Ha'shana
Jewish Festivals,תשעה באב,Tisha Be'av
Jewish Festivals,סוכות,Sukkot
Jewish Festivals,ימים נוראים,High holidays
Jewish Festivals,צום,fast
Jewish Festivals,שמחת תורה,Simchat Torah
Jewish Festivals,אוזן המן,Ozen Haman
Jewish Festivals,חנוכה,Chanukah
Jewish Festivals,סביבון,sevivon
Jewish Festivals,פורים,Purim
Jewish Festivals,חנוכייה,Chanukiya
Jewish Festivals,משלוח מנות,Mishloach Manot
Jewish Festivals,סופגניה,Sufganiya
Jewish Festivals,"ט""ו בשבט",Tu Bi'shvat
Welcome to Israel,עולה חדש,Oleh Chadash
Welcome to Israel,צבר,tzabar
Welcome to Israel,מטקות,matkot
Welcome to Israel,קיבוץ,kibbutz
Welcome to Israel,אולפן,ulpan
Welcome to Israel,עלייה,aliyah
Welcome to Israel,על האש,al-ha'esh
Welcome to Israel,פלאפל,falafel
Welcome to Israel,חומוס,hummus
Welcome to Israel,פיתה,pita
Welcome to Israel,יום העצמאות,Yom Ha'atzmaut (Independence Day)
Welcome to Israel,מוזיקה מזרחית,oriental music
Welcome to Israel,בלאגן,mess
Welcome to Israel,כנרת,Kineret
Welcome to Israel,מצדה,"Metzada, Massada"
Welcome to Israel,אילת,Eilat
Welcome to Israel,חיפה,Haifa
Welcome to Israel,ים המלח,The Dead Sea
Welcome to Israel,נגב,Negev
Welcome to Israel,הים האדום,"The Red Sea, Yam Suf"
Welcome to Israel,במבה,Bamba
Welcome to Israel,ביסלי,Bissli
Welcome to Israel,עגבניית שרי,cherry tomato
Welcome to Israel,שקשוקה,shakshuka
Welcome to Israel,קיסריה,"Kesarya, Caesarea"
Welcome to Israel,טבריה,"Tverya, Tiberias"
Welcome to Israel,באר שבע,"Be'er Sheva, Beer Sheba"
