Skill,Word
Letters 1,באה
Letters 1,אבא
Letters 1,האבא
Letters 1,אהבה
Letters 1,בא
Letters 1,אמא
Letters 1,האמא
Letters 1,האם
Letters 1,או
Letters 1,הוא
Letters 1,אוהב
Letters 1,ואבא
Letters 1,ואמא
Letters 1,אוהבת
Letters 1,אתה
Letters 1,את
Letters 1,מים
Letters 1,היא
Letters 1,אני
Letters 1,יין
Letters 1,היונה
Letters 1,יונה
Letters 1,ואני
Letters 1,וחלב
Letters 1,חלב
Letters 1,לחם
Letters 1,ולחם
Letters 1,החלב
Letters 1,חם
Letters 1,לא
Letters 2,הכלב
Letters 2,כלב
Letters 2,הולך
Letters 2,הולכת
Letters 2,אוכל
Letters 2,המלך
Letters 2,האוכל
Letters 2,אוכלת
Letters 2,כן
Letters 2,דרך
Letters 2,רואָה
Letters 2,רואֶה
Letters 2,הילדה
Letters 2,הילד
Letters 2,ילדה
Letters 2,ילד
Letters 2,האישה
Letters 2,אישה
Letters 2,שותָה
Letters 2,שותֶה
Letters 2,משאית
Letters 2,שמח
Letters 2,אגוז
Letters 2,אורז
Letters 2,זאת
Letters 2,זה
Letters 2,הגבר
Letters 2,גבר
Letters 3,יפֶה
Letters 3,התפוז
Letters 3,כיף
Letters 3,תפוח
Letters 3,התפוח
Letters 3,תפוז
Letters 3,קוראת
Letters 3,קורא
Letters 3,מתוק
Letters 3,הספר
Letters 3,ספר
Letters 3,אפרסק
Letters 3,עצוב
Letters 3,רע
Letters 3,עיתון
Letters 3,עוף
Letters 3,עוגה
Letters 3,רוצֶה
Letters 3,מיץ
Letters 3,רוצָה
Letters 3,חמוץ
Letters 3,טוב
Letters 3,טעים
Common Phrases,שלום
Common Phrases,תודה
Common Phrases,להתראות
Common Phrases,מה נשמע
Common Phrases,מה קורה
Common Phrases,מה שלומךְ
Common Phrases,מה שלומךָ
Common Phrases,בסדר
Common Phrases,סליחה
Common Phrases,בבקשה
Common Phrases,אין בעד מה
Common Phrases,לילה
Common Phrases,בוקר
Common Phrases,ערב
Common Phrases,אולי
Common Phrases,עברית
Common Phrases,אנגלית
Common Phrases,לדבר
Common Phrases,יוסי
Common Phrases,ברוך הבא
Common Phrases,טל
Common Phrases,קוראים(לי)
Common Phrases,בהצלחה
Common Phrases,מזל טוב
Common Phrases,תודה רבה
Common Phrases,תהנו
Common Phrases,בתיאבון
Basics,וגברים
Basics,נשים
Basics,אנחנו
Basics,ילדים
Basics,רואים
Basics,רואות
Basics,הם
Basics,הן
Basics,אתן
Basics,אתם
There is/To Have,יש
There is/To Have,אין
There is/To Have,לי
There is/To Have,לךָ
There is/To Have,לךְ
There is/To Have,לו
There is/To Have,לה
There is/To Have,לזה
There is/To Have,לנו
There is/To Have,לכם
There is/To Have,לכן
There is/To Have,להם
There is/To Have,להן
There is/To Have,ל...
Introduction to adjectives,שמח
Introduction to adjectives,שמחה
Introduction to adjectives,שמחים
Introduction to adjectives,שמחות
Introduction to adjectives,עצוב
Introduction to adjectives,עצובה
Introduction to adjectives,עצובים
Introduction to adjectives,עצובות
Introduction to adjectives,יפֶה
Introduction to adjectives,יפָה
Introduction to adjectives,יפים
Introduction to adjectives,יפות
Introduction to adjectives,טעים
Introduction to adjectives,טעימה
Introduction to adjectives,טעימים
Introduction to adjectives,וטעימות
Introduction to adjectives,טוב
Introduction to adjectives,טובה
Introduction to adjectives,טובים
Introduction to adjectives,טובות
Introduction to adjectives,רע
Introduction to adjectives,רעה
Introduction to adjectives,רעים
Introduction to adjectives,רעות
Food 1,את
Food 1,צלחת
Food 1,דג
Food 1,אוכלים
Food 1,קפה
Food 1,ביצה
Food 1,יין(המשך)
Food 1,ארוחת צהריים
Food 1,ארוחת בוקר
Food 1,פרי
Food 1,פסטה
Food 1,מיץ(המשך)
Food 1,סוכר
Food 1,לשתות(ריבוי)
Food 1,בירה
Food 1,התות
Food 1,גבינה
Food 1,בשר
Food 1,עגבניה
Food 1,מרק
Food 1,רוצות
Food 1,אוכל
Food 1,שמן
Food 1,לימון
Food 1,בננה
Food 1,ארוחת ערב
Food 1,כריך
Food 1,מלח
Food 1,רעבה
Food 1,הבקר
Food 1,בקבוק
Food 1,סלט
Food 1,חמאה
Food 1,הפטרייה
Food 1,הפיצה
Food 1,אננס
Food 1,שוקולד
Food 1,הזיתים
Animals,חתול
Animals,סוס
Animals,ציפור
Animals,הפילה
Animals,ברווז
Animals,צב
Animals,החמור
Animals,סרטן
Animals,עכביש
Animals,חיה
Animals,הדובה
Animals,עכבר
Animals,גמל
Animals,אריה
Animals,נשר
Animals,חיות
Animals,זבוב
Animals,חרק
Animals,ארנב
Animals,לנבוח
Animals,נחש
Animals,קוף
Animals,זנב
Animals,דבורה
Animals,חיית מחמד
Animals,הינשוף
Animals,פרה
Animals,תרנגול
Animals,חזיר
Plurals,התפוחים
Plurals,תפוזים
Plurals,כלבים
Plurals,חתולים
Plurals,סוסים
Plurals,עיתונים
Plurals,הספרים
Plurals,צבים
Plurals,הפילים
Plurals,ציפורים
Plurals,הכריכים
Plurals,הברווזים
Plurals,ודרכים
Plurals,אוהב (רבים)
Plurals,צלחות
Plurals,חיות מחמד
Plurals,יינות
Plurals,הגבינות
Plurals,בירות
Plurals,עוגות
Plurals,יפות
Plurals,וכלבות
Plurals,הסוסות
Plurals,חתולות
Plurals,הברווזות
Plurals,הפרות
Plurals,הילדות
Plurals,האריות
Possessives 1,שלי
Possessives 1,שלךָ
Possessives 1,שלךְ
Possessives 1,שלו
Possessives 1,שלה
Possessives 1,שלנו
Possessives 1,שלכם
Possessives 1,שלכן
Possessives 1,שלהם
Possessives 1,שלהן
Possessives 1,של
Possessives 1,שרה
Possessives 1,אברהם
Possessives 1,שייך
Adjectives 1 - Basics,קטן
Adjectives 1 - Basics,גדול
Adjectives 1 - Basics,חדש
Adjectives 1 - Basics,ישן
Adjectives 1 - Basics,חמים
Adjectives 1 - Basics,קר
Adjectives 1 - Basics,הגבוה
Adjectives 1 - Basics,הנמוכים
Adjectives 1 - Basics,קרוב
Adjectives 1 - Basics,רחוק
Adjectives 1 - Basics,ארוך
Adjectives 1 - Basics,קצרה
Adjectives 1 - Basics,איטי
Adjectives 1 - Basics,מהיר
Adjectives 1 - Basics,מלא
Adjectives 1 - Basics,ריקה
Adjectives 1 - Basics,יבש
Adjectives 1 - Basics,רטובים
Direct Object,אותי
Direct Object,אותךָ
Direct Object,אותךְ
Direct Object,אותו
Direct Object,אותה
Direct Object,צריך
Direct Object,אותנו
Direct Object,אתכם
Direct Object,אתכן
Direct Object,אותם
Direct Object,אותן
Direct Object,רואות
Food 2,ארוחה
Food 2,צמחוני
Food 2,תה
Food 2,מזלג
Food 2,סכין
Food 2,כוס
Food 2,מפית
Food 2,כף
Food 2,הקערה
Food 2,לבשל
Food 2,צמאים
Food 2,הכפית
Food 2,תפריט
Food 2,רוטב
Food 2,ירק
Food 2,המסעדה
Food 2,פלפל
Food 2,מתכונים
Food 2,הדבש
Food 2,מלוח
Food 2,חריף
Food 2,מר
Food 2,במטבח
Food 2,מלפפון
Food 2,אופים
Food 2,גזר
Food 2,הממתקים
Food 2,עוגייה
Food 2,האבטיח
Food 2,בוטן
Food 2,בצל
Food 2,וריבה
Food 2,ענב
Food 2,אבוקדו
Food 2,תפוח אדמה
Food 2,משקה
Food 2,דובדבנים
Food 2,מסטיק
Food 2,הגלידה
Food 2,מנגו
Food 2,השום
Food 2,ריח
Food 2,טעם
Food 2,סיר
Food 2,מצרכים
Food 2,קמח
Clothing,ללבוש
Clothing,חולצה
Clothing,נעליים
Clothing,החצאיות
Clothing,המעילים
Clothing,שמלה
Clothing,לנעול
Clothing,מכנסיים
Clothing,החליפה
Clothing,הכובע
Clothing,חגורה
Clothing,חובשת
Clothing,בגדים
Clothing,משקפיים
Clothing,משקפי שמש
Clothing,הכפפה
Clothing,טבעת
Clothing,עונדת
Clothing,שרשראות
Clothing,שם
Clothing,מרכיבים
Clothing,גרב
Clothing,לגרוב
Clothing,תכשיט
Clothing,ג'ינסים
Clothing,בגד ים
Clothing,תחפושות
Clothing,עניבה
Clothing,ז'קט
Clothing,לסוודר
Clothing,צמיד
Clothing,צעיף
Clothing,הכיסים
Verbs: Present - Pa'al,כותבים
Verbs: Present - Pa'al,שוחים
Verbs: Present - Pa'al,לשמוע
Verbs: Present - Pa'al,ישנה
Verbs: Present - Pa'al,לגעת
Verbs: Present - Pa'al,לומר
Verbs: Present - Pa'al,במים
Verbs: Present - Pa'al,לעשות
Verbs: Present - Pa'al,עובד
Verbs: Present - Pa'al,מוצאים
Verbs: Present - Pa'al,תומך
Verbs: Present - Pa'al,לוקח
Verbs: Present - Pa'al,לדעת
Verbs: Present - Pa'al,דרך (cont)
Verbs: Present - Pa'al,נותן
Verbs: Present - Pa'al,קונים
Verbs: Present - Pa'al,מוכר
Verbs: Present - Pa'al,רושם
Verbs: Present - Pa'al,סוגרים
Verbs: Present - Pa'al,לפתוח
Verbs: Present - Pa'al,וכואב
Verbs: Present - Pa'al,לחשוב
Verbs: Present - Pa'al,חוזרת
Verbs: Present - Pa'al,לקרוא
Verbs: Present - Pa'al,שומר
Verbs: Present - Pa'al,לומדים
Verbs: Present - Pa'al,ללכת(ריבוי)
Verbs: Present - Pa'al,כועסת
Verbs: Present - Pa'al,לכלול
Verbs: Present - Pa'al,זוכרים
Verbs: Present - Pa'al,רצות
Verbs: Present - Pa'al,לעבור
Verbs: Present - Pa'al,לשיר
Verbs: Present - Pa'al,לנוח
Verbs: Present - Pa'al,לעזוב
Verbs: Present - Pa'al,שוקל
Verbs: Present - Pa'al,עוזרים
Verbs: Present - Pa'al,לשנוא
Verbs: Present - Pa'al,חותם
Verbs: Present - Pa'al,רוקד
Verbs: Present - Pa'al,יוצרת
Verbs: Present - Pa'al,לעמוד
Verbs: Present - Pa'al,לחתוך
Verbs: Present - Pa'al,יושבות
Verbs: Present - Pa'al,לגדול
Verbs: Present - Pa'al,לשכוח
Verbs: Present - Pa'al,צופים
Verbs: Present - Pa'al,יוצאות
Verbs: Present - Pa'al,בוהות
Verbs: Present - Pa'al,שוכר
Verbs: Present - Pa'al,לשלוח
Verbs: Present - Pa'al,לבדוק
Verbs: Present - Pa'al,שובר
Verbs: Present - Pa'al,גונבת
Verbs: Present - Pa'al,הופכת
Verbs: Present - Pa'al,בורח
Verbs: Present - Pa'al,להכיר
Verbs: Present - Pa'al,עונות
Colors,אדומים
Colors,כתום
Colors,שחורים
Colors,לבן
Colors,כחולים
Colors,צהוב
Colors,ירוק
Colors,לצבוע
Colors,הצבע
Colors,האפור
Colors,חום
Colors,ורוד
Colors,צבעונים
Colors,סגול
Prepositions 1,ב..
Prepositions 1,בי
Prepositions 1,בנו
Prepositions 1,בךָ/בךְ
Prepositions 1,בו
Prepositions 1,בה
Prepositions 1,בכן
Prepositions 1,בהם/בהן
Prepositions 1,מן
Prepositions 1,ממני
Prepositions 1,מאיתנו
Prepositions 1,ממךָ
Prepositions 1,ממנו
Prepositions 1,ממנה
Prepositions 1,מכם
Prepositions 1,מהם/מהן
Prepositions 1,עם
Prepositions 1,איתי
Prepositions 1,איתנו
Prepositions 1,איתךָ
Prepositions 1,איתו
Prepositions 1,איתה
Prepositions 1,איתכם
Prepositions 1,איתן
Prepositions 1,בשביל
Prepositions 1,בשבילי
Prepositions 1,בשבילנו
Prepositions 1,בשבילךְ
Prepositions 1,בשבילו
Prepositions 1,בשבילה
Prepositions 1,בשבילכם/בשבילכן
Prepositions 1,בשבילם/בשבילן
Prepositions 1,ליד
Prepositions 1,לידי
Prepositions 1,לידנו
Prepositions 1,לידךָ/לידךְ
Prepositions 1,לידו
Prepositions 1,לידה
Prepositions 1,לידכם
Prepositions 1,לידם
Prepositions 1,בתוך
Prepositions 1,בתוכי
Prepositions 1,בתוכנו
Prepositions 1,בתוכךָ/בתוכךְ
Prepositions 1,בתוכו
Prepositions 1,בתוכה
Prepositions 1,בתוככם
Prepositions 1,בתוכם
Prepositions 1,נגד
Prepositions 1,נגדי
Prepositions 1,נגדנו
Prepositions 1,נגדךָ
Prepositions 1,נגדו
Prepositions 1,נגדה
Prepositions 1,נגדכם
Prepositions 1,נגדן
Numbers 1,לספור
Numbers 1,אחת
Numbers 1,שתיים
Numbers 1,שלוש
Numbers 1,אחד
Numbers 1,יותר
Numbers 1,שניים
Numbers 1,שלושה
Numbers 1,ארבעה
Numbers 1,ארבע
Numbers 1,חמישה
Numbers 1,חמש
Numbers 1,פחות
Numbers 1,מדי
Numbers 1,מספר
Numbers 1,שש
Numbers 1,שישה
Numbers 1,שבע
Numbers 1,שבעה
Numbers 1,שמונֶה
Numbers 1,שמונָה
Numbers 1,הרבה
Numbers 1,תשע
Numbers 1,תשעה
Numbers 1,עשרה
Numbers 1,עשר
Numbers 1,אחת עשרה
Numbers 1,אחד עשר
Numbers 1,שתיים עשרה
Numbers 1,שניים עשר
Numbers 1,שלוש עשרה
Numbers 1,שלושה עשר
Numbers 1,ארבע עשרה
Numbers 1,ארבעה עשר
Numbers 1,חמש עשרה
Numbers 1,חמישה עשר
Numbers 1,שש עשרה
Numbers 1,שישה עשר
Numbers 1,שבע עשרה
Numbers 1,שבעה עשר
Numbers 1,שמונה עשר
Numbers 1,שמונה עשרה
Numbers 1,תשע עשרה
Numbers 1,תשעה עשר
Numbers 1,עשרים
Numbers 1,אפס
Questions,מה
Questions,איפה
Questions,למה
Questions,כמה
Questions,מי
Questions,מאיפה
Questions,מתי
Questions,התשובה
Questions,איך
Questions,שאלה
Questions,של מי
Questions,איזה
Questions,באיזה
Questions,איזו
Questions,את מי
Questions,עם מי
Questions,לאן
Questions,למי
Questions,ממי
Questions,בשביל מה
Questions,אילו
Questions,שואלת
Questions,עונֶה
Determiners,הזה
Determiners,האלו
Determiners,כולן
Determiners,האלה
Determiners,הזאת
Determiners,אלה
Determiners,כל
Determiners,כזה
Determiners,אלו
Determiners,כולם
Determiners,שום
Determiners,שום דבר
Determiners,שום דבר מלבד
Determiners,אחר
Determiners,משהו
Determiners,כלום
Determiners,שניהם
Determiners,מישהו
Determiners,דבר
Determiners,אף אחד
Determiners,הכל
Determiners,אותו
Determiners,מספר
Determiners,שומעים
Determiners,אוכלים
Determiners,עושים
Determiners,אומרים
Determiners,ככה
Determiners,מדברים
Occupations,תלמידות
Occupations,רופא
Occupations,לעבודה
Occupations,הסופרים
Occupations,מקצוע
Occupations,דוגמנים
Occupations,במאי
Occupations,קריירה
Occupations,הצוות
Occupations,המשטרה
Occupations,אמנים
Occupations,מזכיר
Occupations,צייר
Occupations,השופט
Occupations,עורך דין
Occupations,פועל
Occupations,שוטר
Occupations,קצין
Occupations,עוצר
Occupations,עיתונאי
Occupations,החייל
Occupations,הקברניט
Occupations,הבוסית
Occupations,השומר
Occupations,שחקן
Occupations,ההתמחות
Occupations,נהג
Occupations,טבח
Occupations,מלצר
Occupations,מהנדס
Occupations,והאדריכל
Occupations,האיכרים
Occupations,חקלאי
Conjunctions,ש
Conjunctions,אם
Conjunctions,אבל
Conjunctions,כי
Conjunctions,עדיין
Conjunctions,בזמן ש
Conjunctions,מתי ש
Conjunctions,וגם
Conjunctions,אף על פי
Conjunctions,בגלל
Conjunctions,הרעים
Conjunctions,רק
Conjunctions,אז
Conjunctions,כבר
Conjunctions,לכן
Conjunctions,חוץ מ
Conjunctions,כש..
Conjunctions,אחרי ש
Conjunctions,אך
Conjunctions,לפני ש
Conjunctions,אפילו
Conjunctions,אלא
Conjunctions,מה ש
Conjunctions,לאן ש
Conjunctions,איפה ש
Conjunctions,מי ש
Prepositions 2,בחוץ
Prepositions 2,מחוץ ל..
Prepositions 2,נמצא
Prepositions 2,בפנים
Prepositions 2,מול
Prepositions 2,אצל
Prepositions 2,מולנו
Prepositions 2,אצל-
Prepositions 2,בין
Prepositions 2,בינ-
Prepositions 2,אליכן
Prepositions 2,אליה
Prepositions 2,אליי
Prepositions 2,אליך/אלייך
Prepositions 2,אליו
Prepositions 2,אליהם/אליהן
Prepositions 2,אלינו
Prepositions 2,עליהן
Prepositions 2,עליי
Prepositions 2,עליו
Prepositions 2,עלינו
Prepositions 2,עליה
Prepositions 2,עלייך
Prepositions 2,לפני-
Prepositions 2,לפני
Prepositions 2,מאחורי-
Prepositions 2,מאחורי
Prepositions 2,מתחתיו
Prepositions 2,מתחת
Prepositions 2,מעל
Prepositions 2,מעליך
Prepositions 2,בלי
Prepositions 2,בלעדינו
Prepositions 2,אחרֶי
Prepositions 2,אחריו
Possessives 2,ילדו
Possessives 2,אביו
Possessives 2,אמי
Possessives 2,כלבם
Possessives 2,סוס
Possessives 2,ילדתו
Possessives 2,מסעדתנו
Possessives 2,כלבתה
Possessives 2,חולצתו
Possessives 2,שמלתה
Possessives 2,ילדיהם
Possessives 2,כלביהם
Possessives 2,חולצותיהם
Possessives 2,מסעדותיה
Possessives 2,ציפורים
Possessives 2,ילדותיו
Verbs: Present - Pi'el,ממך
Verbs: Present - Pi'el,משלם
Verbs: Present - Pi'el,לפספס
Verbs: Present - Pi'el,לשחק
Verbs: Present - Pi'el,לספר
Verbs: Present - Pi'el,לעצב
Verbs: Present - Pi'el,משנֶה
Verbs: Present - Pi'el,מנסים
Verbs: Present - Pi'el,שהיונה
Verbs: Present - Pi'el,לחפש
Verbs: Present - Pi'el,לגדל
Verbs: Present - Pi'el,לסמן
Verbs: Present - Pi'el,מאחלת
Verbs: Present - Pi'el,מערבבים
Verbs: Present - Pi'el,לכבד
Verbs: Present - Pi'el,מסדרת
Verbs: Present - Pi'el,לייבש
Verbs: Present - Pi'el,מחמם
Verbs: Present - Pi'el,לייבא
Verbs: Present - Pi'el,למלא
Verbs: Present - Pi'el,אפרסקים
Verbs: Present - Pi'el,לבקר
Verbs: Present - Pi'el,לקבל
Verbs: Present - Pi'el,מרחמים
Verbs: Present - Pi'el,לקנא
Verbs: Present - Pi'el,מטפסת
Verbs: Present - Pi'el,לנצח
Verbs: Present - Pi'el,מאמן
Verbs: Present - Pi'el,משקר
Verbs: Present - Pi'el,לאחר
Verbs: Present - Pi'el,מחכָה
Verbs: Present - Pi'el,מספקת
Verbs: Present - Pi'el,לסיים
Verbs: Present - Pi'el,משכנעת
Verbs: Present - Pi'el,מאבדים
Verbs: Present - Pi'el,לצלם
Verbs: Present - Pi'el,לאמץ
Verbs: Present - Pi'el,מפחד
Verbs: Present - Pi'el,לאשר
Verbs: Present - Pi'el,מגלֶה
Verbs: Present - Pi'el,מגלחות
Verbs: Present - Pi'el,לחדש
Verbs: Present - Pi'el,לברך
Verbs: Present - Pi'el,מתארים
Verbs: Present - Pi'el,לתקן
Dates and Time,היום
Dates and Time,יום ראשון
Dates and Time,יום שני
Dates and Time,יום שלישי
Dates and Time,יום רביעי
Dates and Time,זמן
Dates and Time,מחר
Dates and Time,יום שישי
Dates and Time,יום חמישי
Dates and Time,יום שבת
Dates and Time,אחר הצהריים
Dates and Time,שישי
Dates and Time,שעה
Dates and Time,דקה
Dates and Time,השבוע
Dates and Time,חודש
Dates and Time,שנה
Dates and Time,שעברה
Dates and Time,אתמול
Dates and Time,בשניה
Dates and Time,פברואר
Dates and Time,ינואר
Dates and Time,לילה
Dates and Time,בצהריים
Dates and Time,הערב
Dates and Time,לוח שנה
Dates and Time,תאריך
Dates and Time,ביוני
Dates and Time,באפריל
Dates and Time,מרץ
Dates and Time,מאי
Dates and Time,דצמבר
Dates and Time,נובמבר
Dates and Time,אוקטובר
Dates and Time,בספטמבר
Dates and Time,התפוזים
Dates and Time,יולי
Dates and Time,הבאה
Dates and Time,האביב
Dates and Time,חורף
Dates and Time,הסתיו
Dates and Time,קיץ
Dates and Time,העונה
Dates and Time,בחצות
Dates and Time,יום הולדת
Dates and Time,מתקופה
Dates and Time,רגע
Dates and Time,מאה
Dates and Time,קצת
Dates and Time,העשור
Dates and Time,עידן
Dates and Time,תמיד
Dates and Time,אף פעם
Dates and Time,מסיבה
Dates and Time,גיל
Dates and Time,הדור
Dates and Time,עכשיו
Dates and Time,מחרתיים
Dates and Time,כיום
Dates and Time,שנתיים
Dates and Time,עד
Dates and Time,החודשיים
Dates and Time,שבועיים
Dates and Time,יומיים
Dates and Time,בשעתיים
Dates and Time,שלשום
Dates and Time,ההווה
Adjectives 2,עייף
Adjectives 2,רגיל
Adjectives 2,אמיתיים
Adjectives 2,מיוחד
Adjectives 2,זקן
Adjectives 2,צעיר
Adjectives 2,הפתוחה
Adjectives 2,למשאיות
Adjectives 2,נקי
Adjectives 2,מלוכלך
Adjectives 2,חשוב
Adjectives 2,מרכזית
Adjectives 2,זול
Adjectives 2,יקר
Adjectives 2,מהילדה
Adjectives 2,חלשים
Adjectives 2,עני
Adjectives 2,עשיר
Adjectives 2,אפשרי
Adjectives 2,בלתי אפשרי
Adjectives 2,נהדר
Adjectives 2,הפרטית
Adjectives 2,חי
Adjectives 2,נחמד
Adjectives 2,הכרחי
Adjectives 2,עצמאיים
Adjectives 2,אחראי
Adjectives 2,חופשי
Adjectives 2,פשוט
Adjectives 2,מצוין
Adjectives 2,מגעיל
Adjectives 2,מושלם
Adjectives 2,שגויות
Adjectives 2,משעממים
Adjectives 2,בספר
Adjectives 2,רצינית
Adjectives 2,מפורסם
Adjectives 2,נכון
Adjectives 2,שלילי
Adjectives 2,חיובית
Adjectives 2,קשה
Adjectives 2,קלים
Adjectives 2,יעילה
Adjectives 2,נוחים
Adjectives 2,רבות
Adjectives 2,מקצועי
Adjectives 2,צבאי
Adjectives 2,מוּכר
Adjectives 2,רזה
Adjectives 2,שָמן
Adverbs,שם
Adverbs,מאוד
Adverbs,עוד
Adverbs,כמו
Adverbs,כאח
Adverbs,פעמים
Adverbs,כאן
Adverbs,די
Adverbs,פעם ב
Adverbs,אך ורק
Adverbs,לעיתים קרובות
Adverbs,בכל זאת
Adverbs,באמת
Adverbs,שוב
Adverbs,לעיתים רחוקות
Adverbs,פה
Adverbs,לפעמים
Adverbs,ממש
Adverbs,לפחות
Adverbs,כמו תמיד
Adverbs,אחרת
Adverbs,הרחק
Adverbs,בכל אופן
Adverbs,לבד
Adverbs,בעיקר
Adverbs,כרגע
Adverbs,אחר כך
Adverbs,בדרך כלל
Adverbs,מספיק
Adverbs,בקרוב
Adverbs,בינתיים
Adverbs,במשך
Adverbs,כמעט
Adverbs,מאוחר
Adverbs,במיוחד
Adverbs,סוף סוף
Adverbs,לא בהכרח
Adverbs,דרך
Adverbs,בערך
Adverbs,בדיוק
Adverbs,ברור
Adverbs,בקלות
Adverbs,לגמרי
Adverbs,בקושי
Adverbs,לאו דווקא
Adverbs,באופן כללי
Adverbs,סביר להניח
Adverbs,פעמיים
Adverbs,בכל מקום
Adverbs,מיד
Adverbs,ביחד
Adverbs,כל כך
Adverbs,בהחלט
Adverbs,לאט
Adverbs,מהר
Adverbs,לאחרונה
Adverbs,באופן
Family,בן
Family,הבת
Family,ואח
Family,ואחות
Family,אחים
Family,אחיות
Family,משפחה
Family,הורה
Family,בעל
Family,אישה
Family,שם
Family,לכל
Family,שם פרטי
Family,נישואין
Family,סבא
Family,סבתא
Family,נכד
Family,נכדה
Family,חתונה
Family,בן דוד
Family,דודה
Family,בת דודה
Family,דוֹד
Family,כלה
Family,ויפים
Family,בן זוג
Family,בת זוג
Family,האחיין
Family,האחיינית
Family,לתינוקות
Family,חיים
Home Sweet Home,בית
Home Sweet Home,המפתח
Home Sweet Home,מיטה
Home Sweet Home,ספה
Home Sweet Home,כיסא
Home Sweet Home,שולחן
Home Sweet Home,שירותים
Home Sweet Home,לגור
Home Sweet Home,מדרגות
Home Sweet Home,חלון
Home Sweet Home,דירה
Home Sweet Home,הדלתות
Home Sweet Home,האמבטיה
Home Sweet Home,חדר
Home Sweet Home,מזגן
Home Sweet Home,צעצוע
Home Sweet Home,אור
Home Sweet Home,מנורות
Home Sweet Home,הגג
Home Sweet Home,הדוּד
Home Sweet Home,בניין
Home Sweet Home,לנקות
Home Sweet Home,קיר
Home Sweet Home,חדר שינה
Home Sweet Home,המרפסת
Home Sweet Home,המרתף
Home Sweet Home,לעבור
Home Sweet Home,השערים
Home Sweet Home,כלי עבודה
Home Sweet Home,מראה
Home Sweet Home,רהיטים
Home Sweet Home,המכשיר
Home Sweet Home,כתובת
Home Sweet Home,סלון
Home Sweet Home,הרצפה
Home Sweet Home,השטיח
Home Sweet Home,תקרה
Home Sweet Home,עליית גג
Home Sweet Home,חדר אורחים
Home Sweet Home,וילונות
Home Sweet Home,ארון
Home Sweet Home,הכרית
Home Sweet Home,שמיכה
Home Sweet Home,שואב אבק
Home Sweet Home,לשאוב
Home Sweet Home,שוטפת
Home Sweet Home,הכלים
Home Sweet Home,ברז
Home Sweet Home,כיור
Home Sweet Home,הסמרטוט
Home Sweet Home,חדר אוכל
Home Sweet Home,גינה
Home Sweet Home,חצר
Home Sweet Home,הכביסה
Home Sweet Home,מכונת כביסה
Home Sweet Home,השכנים
Home Sweet Home,מקלט
Home Sweet Home,המטאטא
Home Sweet Home,האשפה
Home Sweet Home,המקרר
Home Sweet Home,המעלית
Construct State 1,בקבוק מים
Construct State 1,לאבא
Construct State 1,מיץ תפוזים
Construct State 1,חדר שינה
Construct State 1,חדר אורחים
Construct State 1,חדר אוכל
Construct State 1,עוגת שוקולד
Construct State 1,עוגת גבינה
Construct State 1,מכונת כביסה
Construct State 1,ארוחת בוקר
Construct State 1,ארוחת צהריים
Construct State 1,ארוחת ערב
Construct State 1,בית קפה
Construct State 1,בית ספר
Construct State 1,בית כנסת
Construct State 1,בית מלון
Construct State 1,בית חולים
Construct State 1,בית משפט
Construct State 1,בקבוקי מים
Construct State 1,בקבוקי יין
Construct State 1,חדרי שינה
Construct State 1,חדרי אורחים
Construct State 1,חדרי אוכל
Construct State 1,עוגות שוקולד
Construct State 1,עוגות גבינה
Construct State 1,מכונות כביסה
Construct State 1,ארוחות בוקר
Construct State 1,ארוחות צהריים
Construct State 1,ארוחות ערב
Construct State 1,בתי חולים
Construct State 1,צבעוניים
Construct State 1,בתי קפה
Construct State 1,לכמה
Construct State 1,בתי מלון
Construct State 1,בתי משפט
Infinitives 1,לכתוב
Infinitives 1,ללכת
Infinitives 1,לשחות
Infinitives 1,להיות
Infinitives 1,לראות
Infinitives 1,לבשל
Infinitives 1,לישון
Infinitives 1,לרוץ
Infinitives 1,לשלם
Infinitives 1,לתת
Infinitives 1,לעשות
Infinitives 1,לדבר
Infinitives 1,להגיד
Infinitives 1,לשחק
Infinitives 1,לשתות
Infinitives 1,לסגור
Infinitives 1,לפתוח
Infinitives 1,לשמוע
Infinitives 1,לגעת
Infinitives 1,לומר
Infinitives 1,לשים
Infinitives 1,לקבל
Infinitives 1,למצוא
Infinitives 1,לעזור
Infinitives 1,לבוא
Infinitives 1,לקנות
Infinitives 1,לבקר
Infinitives 1,לעבוד
Infinitives 1,לקחת
Infinitives 1,לדעת
Infinitives 1,לחזור
Infinitives 1,לגור
Infinitives 1,לחתוך
Infinitives 1,לסבול
Infinitives 1,לספור
Infinitives 1,למנוע
Infinitives 1,לצייר
Infinitives 1,להכיל
Infinitives 1,לברוח
Weather,יורד(משקעים)
Weather,גשם
Weather,השלג
Weather,הברק
Weather,הרעם
Weather,שמש
Weather,זורחת
Weather,ברד
Weather,בהיר
Weather,מזג אוויר
Weather,הסופה
Weather,מטפטפת
Weather,אובך
Weather,מעונן
Weather,גשום
Weather,הטמפרטורה
Weather,רוח
Weather,גל חום
Weather,גל קור
Weather,ענן
Weather,ההוריקן
Weather,הטורנדו
Weather,הצפה
Weather,מעלות
Weather,ערפל
Places,בחוף
Places,בית מלון
Places,ישראל
Places,קדימה
Places,לפנות
Places,הימין
Places,שמאל
Places,שדה תעופה
Places,מאחורה
Places,הרחוב
Places,עיר
Places,הטירה
Places,מדינה
Places,בית כנסת
Places,לאורך
Places,לתוך
Places,כנסייה
Places,מקום
Places,מסגד
Places,הביתה
Places,נכס
Places,במרכז
Places,משרד
Places,איזור
Places,בפארק
Places,מבנה
Places,ירושלים
Places,למכולת
Places,חנות
Places,סופרמרקט
Places,המחוז
Places,באי
Places,בנק
Places,ברים
Places,הקרקע
Places,מתוך
Places,קניון
Places,בתחנה
Places,עמק
Places,תל אביב
Places,מוזיאון
Places,פינה
Places,ברחבי
Places,כפר
Places,המסלולים
Places,לשכונה
Places,השדרה
Places,שטח
Places,גבול
Places,בית כלא
Places,מגדל
Places,ארמון
Places,עיירה
Places,בית קולנוע
Places,עיר בירה
Places,קהילות
Places,נמל
Places,גשר
Places,המערב
Places,כיכר
Places,מזרח
Places,בצפון
Places,דרומה
Places,חווה
Places,גן חיות
Places,שוק
Verbs: Present - Hiph'il,להקשיב
Verbs: Present - Hiph'il,מראים
Verbs: Present - Hiph'il,מאזינים
Verbs: Present - Hiph'il,להציע
Verbs: Present - Hiph'il,מרגישה
Verbs: Present - Hiph'il,מכינה
Verbs: Present - Hiph'il,להאמין
Verbs: Present - Hiph'il,מסכימות
Verbs: Present - Hiph'il,להתחיל
Verbs: Present - Hiph'il,מגיעה
Verbs: Present - Hiph'il,מודָה
Verbs: Present - Hiph'il,להעביר
Verbs: Present - Hiph'il,להצליח
Verbs: Present - Hiph'il,מחזיר
Verbs: Present - Hiph'il,להשיג
Verbs: Present - Hiph'il,להסביר
Verbs: Present - Hiph'il,להשכיר
Verbs: Present - Hiph'il,להמליץ
Verbs: Present - Hiph'il,להחזיק
Verbs: Present - Hiph'il,מפיקים
Verbs: Present - Hiph'il,מניחים
Verbs: Present - Hiph'il,להופיע
Verbs: Present - Hiph'il,להוסיף
Verbs: Present - Hiph'il,מגיש
Verbs: Present - Hiph'il,ממשיכים
Verbs: Present - Hiph'il,להציג
Verbs: Present - Hiph'il,מכריזה
Verbs: Present - Hiph'il,להוסיף
Verbs: Present - Hiph'il,מזמינה
Verbs: Present - Hiph'il,להרשות
Verbs: Present - Hiph'il,מזכירה
Verbs: Present - Hiph'il,מעדיפים
Verbs: Present - Hiph'il,להתאים
Verbs: Present - Hiph'il,מחליטים
Verbs: Present - Hiph'il,מבינה
Verbs: Present - Hiph'il,מכילות
Verbs: Present - Hiph'il,מחליף
Verbs: Present - Hiph'il,מעריכה
Verbs: Present - Hiph'il,מביאה
People,אדם
People,חבר
People,חבֵרה
People,ידיד
People,ידידה
People,הציבור
People,בוועדה
People,חבר
People,כנס
People,האויב
People,תרבויות
People,בקרן
People,בן אדם
People,מערכת יחסים
People,אוכלוסייה
People,הנוער
People,אנשים
People,לפרט
People,הנער
People,הקורבן
People,אזרח
People,הבחורות
People,הבחורים
People,זוג
People,מבוגרים
People,הישראלי
People,בן
People,בת
People,בני
People,בנות
People,צרפתי
People,אמריקאי
People,אנגלי
People,העַם
People,האוסטרלי
Numbers 2,שלוש
Numbers 2,שבע (constr.)
Numbers 2,שלושת
Numbers 2,חמשת
Numbers 2,שבעת
Numbers 2,לחמש
Numbers 2,הראשון
Numbers 2,שני
Numbers 2,קוראות
Numbers 2,שלושים
Numbers 2,השלישי
Numbers 2,ארבעים
Numbers 2,רביעי
Numbers 2,שישים
Numbers 2,שמונים
Numbers 2,שבעים
Numbers 2,לשנות
Numbers 2,תשעים
Numbers 2,הכמות
Numbers 2,מאה
Numbers 2,מטרים
Numbers 2,מאות
Numbers 2,מאתיים
Numbers 2,אלף
Numbers 2,זוג
Numbers 2,מיליונים
Numbers 2,הממוצע
Numbers 2,סך הכל
Numbers 2,ברובו
Numbers 2,אחוז
Numbers 2,שמיליארד
Numbers 2,חצי
Numbers 2,ועוד
Numbers 2,כפול
Numbers 2,חלקי
Numbers 2,האחרון
Numbers 2,מינוס
Numbers 2,שווה
Numbers 2,פחות
Modals,יכולים
Modals,חייב
Modals,אמורה
Modals,אסור
Modals,מומלץ
Modals,עשוי
Modals,אפשר
Modals,מותר
Modals,עליו
Education,מורה
Education,פתק
Education,עטים
Education,קורס
Education,חינוך
Education,שיעור
Education,ספרייה
Education,למבחן
Education,לימוד
Education,הדוגמה
Education,עפרונות
Education,שיעורי בית
Education,כיתה
Education,מילה
Education,ידע
Education,הפרק
Education,מצגת
Education,רעיון
Education,האוניברסיטאות
Education,להרצאה
Education,הפרופסורים
Education,תואר
Education,סטודנטית
Education,המרצים
Education,הדוקטורט
Education,הכנה
Education,מטרתנו
Education,המשמעות
Education,ללמד
Education,מתרגלת
Education,מההיסטוריה
Education,ציור
Education,המסמך
Education,עמוד
Education,הסבר
Education,תכנית
Education,קשיים
Education,המכון
Travel,לטייל
Travel,מכונית
Travel,האופניים
Travel,מזוודה
Travel,אוטובוס
Travel,האופנוע
Travel,רוכב
Travel,חופשה
Travel,הרכבת
Travel,סירה
Travel,מטוס
Travel,נוהגת
Travel,רציף
Travel,שטה
Travel,טסים
Travel,תחנת רכבת
Travel,מפת
Travel,תיק גב
Travel,הספינה
Travel,קו
Travel,מדריך
Travel,לנסוע
Travel,מפליגה
Travel,טיול
Travel,ארצות הברית
Travel,הביקור
Travel,ההרפתקה
Travel,הטיסה
Travel,תחבורה
Travel,רכב
Travel,רכבת תחתית
Travel,מסע
Travel,בצרפת
Travel,ספרד
Travel,לאנגליה
Travel,יוון
Travel,גרמניה
Travel,מצרים
Travel,הים התיכון
Travel,המזרח התיכון
Travel,רוסיה
Travel,סין
Travel,בעולם
Travel,ארץ
Travel,אמריקה
Travel,תייר
Travel,מסביב
Travel,באירופה
Travel,באסיה
Travel,יבשת
Travel,תחנת אוטובוס
Travel,חוץ לארץ
Travel,אפריקה
Travel,בין-לאומי
Travel,אירופאים
Travel,אוסטרליה
Travel,דרכון
Travel,דלק
Verbs: Past Active 1,הייתי
Verbs: Past Active 1,הייתְ
Verbs: Past Active 1,הייתָ
Verbs: Past Active 1,עבר
Verbs: Past Active 1,היה
Verbs: Past Active 1,היה ל..
Verbs: Past Active 1,היה ל...
Verbs: Past Active 1,היינו
Verbs: Past Active 1,הייתה
Verbs: Past Active 1,הייתם
Verbs: Past Active 1,מצא
Verbs: Past Active 1,שתה
Verbs: Past Active 1,חזרה
Verbs: Past Active 1,אהב
Verbs: Past Active 1,הלך
Verbs: Past Active 1,רצינו
Verbs: Past Active 1,ראה
Verbs: Past Active 1,הייתן
Verbs: Past Active 1,אמר
Verbs: Past Active 1,חשב
Verbs: Past Active 1,מעולם
Verbs: Past Active 1,אכל
Verbs: Past Active 1,עשה
Verbs: Past Active 1,שמעתם
Verbs: Past Active 1,עזב
Verbs: Past Active 1,נפל
Verbs: Past Active 1,היו
Verbs: Past Active 1,עבדתי
Verbs: Past Active 1,רץ
Verbs: Past Active 1,בא
Verbs: Past Active 1,שם
Verbs: Past Active 1,גדַל
Verbs: Past Active 1,מאז
Verbs: Past Active 1,שברתי
Verbs: Past Active 1,שרתי
Verbs: Past Active 1,קראתי
Verbs: Past Active 1,לקח
Verbs: Past Active 1,הפך ל
Verbs: Past Active 1,נתתָ
Verbs: Past Active 1,ידעו
Verbs: Past Active 1,כתבו
Verbs: Past Active 1,קפצו
Verbs: Past Active 1,גנב
Verbs: Past Active 1,ניסה
Verbs: Past Active 1,דיברנו
Verbs: Past Active 1,בישל
Verbs: Past Active 1,איבד
Verbs: Past Active 1,שיחקנו
Verbs: Past Active 1,סיפרנו
Verbs: Past Active 1,ביקש
Verbs: Past Active 1,סיים
Verbs: Past Active 1,שילם
Verbs: Past Active 1,שיקרו
Verbs: Past Active 1,חיכה
Verbs: Past Active 1,ניצח
Verbs: Past Active 1,בזבזתָ
Verbs: Past Active 1,קינאנו
Verbs: Past Active 1,הכירו
Verbs: Past Active 1,הקשיבה
Verbs: Past Active 1,הראינו
Verbs: Past Active 1,הגיע
Verbs: Past Active 1,החליטו
Verbs: Past Active 1,התחילו
Verbs: Past Active 1,קנָה
Verbs: Past Active 1,הרגיש
Verbs: Past Active 1,הסבירה
Verbs: Past Active 1,הציע
Verbs: Past Active 1,האמינו
Verbs: Past Active 1,הזמינו
Verbs: Past Active 1,הבינו
Verbs: Past Active 1,הייתה ל
Verbs: Past Active 1,היו ל
Verbs: Past Active 1,אי פעם
Comparison,יותר
Comparison,פחות
Comparison,הכי
Comparison,ביותר
Comparison,דומים
Objects,עלון
Objects,מגזין
Objects,טלוויזיה
Objects,המחשב
Objects,השעון
Objects,הרדיו
Objects,חפץ
Objects,שולחן עבודה
Objects,שעון יד
Objects,ארנק
Objects,הסוללה
Objects,סל
Objects,טלפון נייד
Objects,סבון
Objects,הקופסה
Objects,מסכים
Objects,טלפונים
Objects,תיק
Objects,מצעים
Objects,גלגלים
Objects,בריכה
Objects,המספריים
Objects,מכתב
Objects,המטרייה
Objects,הפעמון
Objects,הספוג
Objects,במחבת
Objects,הספל
Objects,השורשים
Objects,העצם
Objects,מכונה
Objects,נייר
Objects,דגל
Objects,שרשרת
Objects,חוטים
Objects,חתיכות
Objects,מנוע
Objects,הרומן
Objects,מסרק
Objects,אבקה
Objects,הגדר
Objects,מתנה
Objects,הקניות
Objects,נר
Verbs: Present Reflexive - Hitpa'el,להתקלח
Verbs: Present Reflexive - Hitpa'el,מתגלח
Verbs: Present Reflexive - Hitpa'el,מסתפרות
Verbs: Present Reflexive - Hitpa'el,מסתכלים
Verbs: Present Reflexive - Hitpa'el,משתמש
Verbs: Present Reflexive - Hitpa'el,להתקשר
Verbs: Present Reflexive - Hitpa'el,מתחזק
Verbs: Present Reflexive - Hitpa'el,מתאמן
Verbs: Present Reflexive - Hitpa'el,להתקרב
Verbs: Present Reflexive - Hitpa'el,מתחנכים
Verbs: Present Reflexive - Hitpa'el,מתחננים
Verbs: Present Reflexive - Hitpa'el,מתגבר
Verbs: Present Reflexive - Hitpa'el,להסתיים
Verbs: Present Reflexive - Hitpa'el,מתגעגע
Verbs: Present Reflexive - Hitpa'el,מסתובבים
Verbs: Present Reflexive - Hitpa'el,מתקרר
Verbs: Present Reflexive - Hitpa'el,מתחמם
Verbs: Present Reflexive - Hitpa'el,להזדקן
Verbs: Present Reflexive - Hitpa'el,אחד (-) שני
Verbs: Present Reflexive - Hitpa'el,מתאוששות
Verbs: Present Reflexive - Hitpa'el,מתחבא
Verbs: Present Reflexive - Hitpa'el,משתכרים
Verbs: Present Reflexive - Hitpa'el,משתנָה
Verbs: Present Reflexive - Hitpa'el,מתאחדים
Verbs: Present Reflexive - Hitpa'el,מתחבר
Verbs: Present Reflexive - Hitpa'el,מתנתקים
Verbs: Present Reflexive - Hitpa'el,מתייעצים
Verbs: Present Reflexive - Hitpa'el,מתכוננים
Verbs: Present Reflexive - Hitpa'el,מצטרף
Verbs: Present Reflexive - Hitpa'el,מתמודד
Verbs: Present Reflexive - Hitpa'el,להתעלם
Verbs: Present Reflexive - Hitpa'el,להתפלל
Verbs: Present Reflexive - Hitpa'el,מתראֶה
Verbs: Present Reflexive - Hitpa'el,מתנצל
Verbs: Present Reflexive - Hitpa'el,מתבלבלים
Verbs: Present Reflexive - Hitpa'el,להתעמל
Adjectives 3,שמאלי
Adjectives 3,ימני
Adjectives 3,חוקי
Adjectives 3,מלך
Adjectives 3,שונים
Adjectives 3,מקומית
Adjectives 3,נדירה
Adjectives 3,פופולרי
Adjectives 3,זמין
Adjectives 3,רשמי
Adjectives 3,סופי
Adjectives 3,שלם
Adjectives 3,מיידי
Adjectives 3,היחיד
Adjectives 3,המסורתית
Adjectives 3,מודרנית
Adjectives 3,היסטורי
Adjectives 3,מטומטם
Adjectives 3,חכמה
Adjectives 3,טיפש
Adjectives 3,מכוערת
Adjectives 3,מדהים
Adjectives 3,דתי
Adjectives 3,תרבותית
Adjectives 3,מוכנה
Adjectives 3,העמוק
Adjectives 3,טהורה
Adjectives 3,הראשי
Adjectives 3,חד
Adjectives 3,בטוח
Adjectives 3,בודדים
Adjectives 3,טריים
Adjectives 3,עבה
Adjectives 3,הצר
Adjectives 3,רחב
Adjectives 3,מרתקים
Adjectives 3,מוזר
Adjectives 3,גלובלי
Adjectives 3,בריא
Adjectives 3,התחתונה
Adjectives 3,עליון
Adjectives 3,עתיק
Adjectives 3,יומי
Adjectives 3,אישי
Adjectives 3,שבועי
Adjectives 3,גרוע
Adjectives 3,מרשים
Adjectives 3,חודשי
Adjectives 3,שנתי
Adjectives 3,נפלאים
Abstract Objects 1,חלק
Abstract Objects 1,ההשקפות
Abstract Objects 1,שירות
Abstract Objects 1,רשימה
Abstract Objects 1,לפקודות
Abstract Objects 1,המערכת
Abstract Objects 1,קבוצה
Abstract Objects 1,מהסוג
Abstract Objects 1,עיצוב
Abstract Objects 1,במקרה
Abstract Objects 1,שינוי
Abstract Objects 1,גירסה
Abstract Objects 1,משליטה
Abstract Objects 1,השיחה
Abstract Objects 1,חשבון
Abstract Objects 1,פרופיל
Abstract Objects 1,רמה
Abstract Objects 1,רעש
Abstract Objects 1,התיאור
Abstract Objects 1,תמונה
Abstract Objects 1,מהתוכן
Abstract Objects 1,הערך
Abstract Objects 1,הקטגורייה
Abstract Objects 1,הציוד
Abstract Objects 1,בעיה
Abstract Objects 1,צד
Abstract Objects 1,ביצועים
Abstract Objects 1,אפשרות
Abstract Objects 1,פעילות
Abstract Objects 1,תוצאה
Abstract Objects 1,מההסכם
Abstract Objects 1,פתרון
Abstract Objects 1,הייצור
Abstract Objects 1,ההגנה
Abstract Objects 1,המבנה
Abstract Objects 1,התגובות
Abstract Objects 1,תור
Abstract Objects 1,הכניסה
Abstract Objects 1,ההשפעה
Abstract Objects 1,משאלה
Abstract Objects 1,תקווה
Abstract Objects 1,הזדמנות
Abstract Objects 1,מצב
Abstract Objects 1,יציאות
Abstract Objects 1,ברירה
Abstract Objects 1,עניין
Abstract Objects 1,קול
Abstract Objects 1,תפקיד
Abstract Objects 1,ההצלחה
Abstract Objects 1,כישלון
Abstract Objects 1,משבר
Abstract Objects 1,פרס
Abstract Objects 1,הקדמה
Abstract Objects 1,כוונה
Abstract Objects 1,ציון
Abstract Objects 1,מנוחה
Abstract Objects 1,נושא
Abstract Objects 1,חושך
Abstract Objects 1,חלופה
Abstract Objects 1,השיא
Abstract Objects 1,קצה
Abstract Objects 1,החלטה
Abstract Objects 1,סוף
Abstract Objects 1,התחלה
Imperative 1,לך
Imperative 1,רוצו
Imperative 1,עזור
Imperative 1,בוא
Imperative 1,שמרו
Imperative 1,תנו
Imperative 1,עשי
Imperative 1,עצור
Imperative 1,קח
Imperative 1,דע
Imperative 1,קנה
Imperative 1,פתחו
Imperative 1,שימי
Imperative 1,טוסו
Imperative 1,שבו
Imperative 1,שכחי
Imperative 1,צפי
Imperative 1,שלח
Imperative 1,שתה
Imperative 1,צאו
Imperative 1,דבר
Imperative 1,נסו
Imperative 1,חפשו
Imperative 1,סמן
Imperative 1,תקנו
Imperative 1,קבל
Imperative 1,רחם
Imperative 1,ערבבו
Imperative 1,חכי
Imperative 1,סיים
Imperative 1,צלמי
Imperative 1,ברך
Imperative 1,למד
Imperative 1,הקשיבו
Imperative 1,הראה
Imperative 1,הרגישו
Imperative 1,הַאמינו
Imperative 1,התחילי
Imperative 1,החזירי
Imperative 1,הוסף
Imperative 1,הַזמינו
Imperative 1,הציגי
Imperative 1,החליטי
Imperative 1,החלף
Imperative 1,הזכר
Imperative 1,התקלח
Imperative 1,הסתכלו
Imperative 1,התקרבו
Imperative 1,התחבא
Imperative 1,התחברי
Imperative 1,הצטרף
Imperative 1,התעלם
Imperative 1,מהספר
Imperative 1,הייה
Imperative 1,התכונן
Imperative 1,הסתפרו
Imperative 1,השתמש
Languages,ספרדית
Languages,צרפתית
Languages,גרמנית
Languages,רוסית
Languages,סינית
Languages,שפה
Languages,הולנדית
Languages,איטלקית
Languages,מילון
Languages,בפורטוגזית
Languages,בשוודית
Languages,דנית
Languages,ערבית
Languages,יפנית
Languages,צ'כית
Languages,משפט
Languages,יוונית
Languages,אותיות
Languages,הונגרית
Languages,אירית
Languages,פולנית
Languages,הינדי
Languages,בלשן
Languages,בלשנות
Languages,ביידיש
Languages,אספרנטו
Languages,שם עצם
Languages,פעלים
Languages,שם תואר
Languages,לנטות
Languages,פסקה
Languages,השורה
Languages,פסיקים
Languages,נקודה
Languages,דוברת
Languages,שפת אם
Emergency!,הצילו
Emergency!,עזרה
Emergency!,לחלץ
Emergency!,חילוץ
Emergency!,כבאי
Emergency!,זהירות
Emergency!,חובש
Emergency!,הלכוד
Emergency!,מקרה חירום
Emergency!,מגן דוד אדום
Emergency!,החייאה
Emergency!,מבצעת
Emergency!,פצוע
Emergency!,במצוקה
Emergency!,בתאונה
Emergency!,מתעלפת
Emergency!,לאבד הכרה
Emergency!,שריפה
Emergency!,מסוכנים
Emergency!,הפיצוץ
Emergency!,מתחשמל
Emergency!,עזרה ראשונה
Emergency!,ליפול
Emergency!,לטבוע
Emergency!,כששומעים
Verbs: Future Active 1,אהיה
Verbs: Future Active 1,תהיה (אתה)
Verbs: Future Active 1,יאכל
Verbs: Future Active 1,תשתה
Verbs: Future Active 1,ועתיד
Verbs: Future Active 1,תכתוב
Verbs: Future Active 1,אשחה
Verbs: Future Active 1,תהיי
Verbs: Future Active 1,יהיה
Verbs: Future Active 1,יראו
Verbs: Future Active 1,ישמע
Verbs: Future Active 1,תעשו
Verbs: Future Active 1,תחשוב
Verbs: Future Active 1,לעולם
Verbs: Future Active 1,תהיה (היא)
Verbs: Future Active 1,נהיה
Verbs: Future Active 1,יאהב
Verbs: Future Active 1,יתן
Verbs: Future Active 1,ילך
Verbs: Future Active 1,אעמוד
Verbs: Future Active 1,ישלם
Verbs: Future Active 1,תפספס
Verbs: Future Active 1,ישנה
Verbs: Future Active 1,ינסה
Verbs: Future Active 1,תהיו
Verbs: Future Active 1,יהיו
Verbs: Future Active 1,אבחר
Verbs: Future Active 1,אדבר
Verbs: Future Active 1,תהיינה
Verbs: Future Active 1,יחפש
Verbs: Future Active 1,אבקר
Verbs: Future Active 1,יאשרו
Verbs: Future Active 1,יהיה ל...
Verbs: Future Active 1,תקשיב
Verbs: Future Active 1,יתחיל
Verbs: Future Active 1,יגיע
Verbs: Future Active 1,יסביר
Verbs: Future Active 1,תהיה ל...
Verbs: Future Active 1,יַראה
Verbs: Future Active 1,יגיד
Verbs: Future Active 1,אזמין
Verbs: Future Active 1,יזכיר
Verbs: Future Active 1,תחליט
Verbs: Future Active 1,יבינו
Verbs: Future Active 1,יסכימו
Verbs: Future Active 1,יהיו ל...
Verbs: Future Active 1,ישלחו
Verbs: Future Active 1,כשאסתכל
Verbs: Future Active 1,ישתמש
Verbs: Future Active 1,יתקשרו
Verbs: Future Active 1,יתקרב
Verbs: Future Active 1,יתגעגע
Verbs: Future Active 1,ישתנה
Verbs: Future Active 1,יצטרפו
Verbs: Future Active 1,אתקלח
Verbs: Future Active 1,יתנצלו
Verbs: Future Active 1,יתעלמו
Verbs: Future Active 1,אתכונן
Verbs: Future Active 1,יתחבר
Verbs: Future Active 1,יבוא
"Passive: Pa'ul, Pu'al and Huf'al",הרצויה
"Passive: Pa'ul, Pu'al and Huf'al",שבורים
"Passive: Pa'ul, Pu'al and Huf'al",האהובה
"Passive: Pa'ul, Pu'al and Huf'al",כתוב
"Passive: Pa'ul, Pu'al and Huf'al",אכול
"Passive: Pa'ul, Pu'al and Huf'al",עשוי
"Passive: Pa'ul, Pu'al and Huf'al",קשור
"Passive: Pa'ul, Pu'al and Huf'al",נגוע
"Passive: Pa'ul, Pu'al and Huf'al",ידועה
"Passive: Pa'ul, Pu'al and Huf'al",קנויים
"Passive: Pa'ul, Pu'al and Huf'al",השמורות
"Passive: Pa'ul, Pu'al and Huf'al",חתוכה
"Passive: Pa'ul, Pu'al and Huf'al",הצפויה
"Passive: Pa'ul, Pu'al and Huf'al",הזכורים
"Passive: Pa'ul, Pu'al and Huf'al",מבושל
"Passive: Pa'ul, Pu'al and Huf'al",מנוסות
"Passive: Pa'ul, Pu'al and Huf'al",מדובר
"Passive: Pa'ul, Pu'al and Huf'al",מעורבבים
"Passive: Pa'ul, Pu'al and Huf'al",מבוזבז
"Passive: Pa'ul, Pu'al and Huf'al",משונה
"Passive: Pa'ul, Pu'al and Huf'al",ממולאת
"Passive: Pa'ul, Pu'al and Huf'al",משוכנע
"Passive: Pa'ul, Pu'al and Huf'al",מסודר
"Passive: Pa'ul, Pu'al and Huf'al",משותפת
"Passive: Pa'ul, Pu'al and Huf'al",מסוימות
"Passive: Pa'ul, Pu'al and Huf'al",המקובלת
"Passive: Pa'ul, Pu'al and Huf'al",מורכבת
"Passive: Pa'ul, Pu'al and Huf'al",מוזמן
"Passive: Pa'ul, Pu'al and Huf'al",מוצלח
"Passive: Pa'ul, Pu'al and Huf'al",מוחלף
"Passive: Pa'ul, Pu'al and Huf'al",מובן
"Passive: Pa'ul, Pu'al and Huf'al",מופרע
"Passive: Pa'ul, Pu'al and Huf'al",מוחלט
"Passive: Pa'ul, Pu'al and Huf'al",מוסבר
"Passive: Pa'ul, Pu'al and Huf'al",מוגבל
"Passive: Pa'ul, Pu'al and Huf'al",מושפעים
"Passive: Pa'ul, Pu'al and Huf'al",מודאג
"Passive: Pa'ul, Pu'al and Huf'al",מותאמת
Pronouns: Reflexive,עצמי
Pronouns: Reflexive,בעצמךָ
Pronouns: Reflexive,מעצמךְ
Pronouns: Reflexive,בעצמו
Pronouns: Reflexive,עצמה
Pronouns: Reflexive,עצמנו
Pronouns: Reflexive,עצמכם
Pronouns: Reflexive,עצמכן
Pronouns: Reflexive,עצמם
Pronouns: Reflexive,עצמן
Nif'al Construction,נראֶה
Nif'al Construction,להיכשל
Nif'al Construction,נגמרת
Nif'al Construction,להיכנס
Nif'al Construction,נשמע
Nif'al Construction,הקודם
Nif'al Construction,נסגרות
Nif'al Construction,להיפתח
Nif'al Construction,נאכלים
Nif'al Construction,נכתבים
Nif'al Construction,נגרמת
Nif'al Construction,שנקרא
Nif'al Construction,על ידי
Nif'al Construction,נפגשים
Nif'al Construction,להישאל
Nif'al Construction,נעשות
Nif'al Construction,להינתן
Nif'al Construction,להיאבד
Nif'al Construction,נעלם
Nif'al Construction,להיפרד
Nif'al Construction,שנשרף
Nif'al Construction,נשלחים
Nif'al Construction,נפגעים
Nif'al Construction,נאמרות
Nif'al Construction,להישאר
Nif'al Construction,ליהנות.
Nature,שמים
Nature,פרח
Nature,עץ
Nature,היער
Nature,לים
Nature,הדשא
Nature,שיח
Nature,אש
Nature,האוויר
Nature,השדה
Nature,החול
Nature,מאבנים
Nature,כוכב
Nature,ירחים
Nature,טבע
Nature,אדמה
Nature,נהר
Nature,כוכב לכת
Nature,כדור הארץ
Nature,חלל
Nature,ורד
Nature,עלֶה
Nature,נוף
Nature,אקלים
Nature,בחוֹם
Nature,הר
Nature,יקום
Nature,קרקע
Nature,גזים
Nature,העשן
Nature,חומר
Nature,מדבר
Nature,הצמח
Nature,היבולים
Nature,אבק
Nature,הר געש
Nature,קרח
Nature,הקרחון
Nature,צוק
Nature,גבעה
Nature,מערה
Nature,שקיעות
Discussions and decisions,לפי דעתי
Discussions and decisions,דעה
Discussions and decisions,להביע
Discussions and decisions,תוהים
Discussions and decisions,לדיונים
Discussions and decisions,ויכוח
Discussions and decisions,לטעות
Discussions and decisions,טעות
Discussions and decisions,לבחור
Discussions and decisions,למסקנה
Discussions and decisions,לפי
Discussions and decisions,לגבי
Discussions and decisions,יתרונות
Discussions and decisions,החסרון
Discussions and decisions,השלכה
Discussions and decisions,הצעה
Discussions and decisions,הסכמה
Discussions and decisions,עדיף
Imperative 2,בוא נלך
Imperative 2,בוא נעשה
Imperative 2,בוא ננסה
Imperative 2,בוא נראה
Imperative 2,בוא נדבר
Imperative 2,בוא נגיד
Imperative 2,אכול
Imperative 2,סְגור
Imperative 2,חזרי
Imperative 2,חתכי
Imperative 2,עמדי
Imperative 2,כבדי
Imperative 2,בקרו
Imperative 2,שברו
Imperative 2,לבשי
Imperative 2,שְאל
Imperative 2,הישאר
Imperative 2,והיכנס
Imperative 2,היפגש
Imperative 2,ספרי
Imperative 2,עני
Verbs: Past Active 2,התחבא
Verbs: Past Active 2,התפוצצה
Verbs: Past Active 2,התחתנתי
Verbs: Past Active 2,התיעצו
Verbs: Past Active 2,התלונן
Verbs: Past Active 2,התנצלתָ
Verbs: Past Active 2,התעלף
Verbs: Past Active 2,התפשטנו
Verbs: Past Active 2,התקשר
Verbs: Past Active 2,והתרחץ
Verbs: Past Active 2,השתכר
Verbs: Past Active 2,הפסקתי
Verbs: Past Active 2,התאושש
Verbs: Past Active 2,התחנן
Verbs: Past Active 2,התפלל
Verbs: Past Active 2,התעלם
Verbs: Past Active 2,התגלחתָ
Verbs: Past Active 2,התנדב
Verbs: Past Active 2,התעללו
Verbs: Past Active 2,המשכתי
Verbs: Past Active 2,קיבלנו
Verbs: Past Active 2,ירד
Past Nif'al,נראתה
Past Nif'al,נגמר
Past Nif'al,להיכשל
Past Nif'al,כשנכנסנו
Past Nif'al,נשמע
Past Nif'al,נהננו
Past Nif'al,נסגרו
Past Nif'al,נפתחה
Past Nif'al,נאכל
Past Nif'al,להיכתב
Past Nif'al,נגרם
Past Nif'al,ועדיין
Past Nif'al,נפגשתי
Past Nif'al,נשאלה
Past Nif'al,נעשה
Past Nif'al,שניתנה
Past Nif'al,להיאבד
Past Nif'al,נעלמתם
Past Nif'al,להישרף
Past Nif'al,להישלח
Past Nif'al,נפגעו
Past Nif'al,נאמרו
Past Nif'al,נשארתי
Past Nif'al,נזכרתי
Past Nif'al,.להיפרד
Feelings,לחבק
Feelings,לנשק
Feelings,לנחם
Feelings,משועממת
Feelings,מדוכא
Feelings,מאושרים
Feelings,נשיקה
Feelings,מתנשקים
Feelings,מתחבקות
Feelings,מאוהב
Feelings,מופתעים
Feelings,דוחָה
Feelings,אופטימית
Feelings,פסימי
Feelings,מביכה
Feelings,נעלבים
Feelings,רגש
Feelings,לצָפות
Feelings,רגוע
Feelings,הלם
Feelings,מצטער
Feelings,ומבולבל
Feelings,חסר אונים
Feelings,עוין
Feelings,שובבה
Feelings,ופגועים
Feelings,דחוי
Feelings,ביישן
Feelings,רגיש
Feelings,בודד
Feelings,בוכָה
Feelings,מתלהב
Feelings,מעריץ
Feelings,דמעה
Feelings,אושר
Geometry,משולשים
Geometry,ריבוע
Geometry,עיגול
Geometry,מלבן
Geometry,קו
Geometry,צורה
Geometry,מרובע
Geometry,מקבילה
Geometry,קודקוד
Geometry,טרפז
Geometry,אליפסה
Geometry,מעוינים
Geometry,זוויות
Geometry,למחומש
Geometry,משושה
Geometry,צלעות
Geometry,מהגיאומטריה
Geometry,למקבילית
Geometry,טריגונומטריה
Geometry,האורך
Geometry,הרוחב
Geometry,גובה
Geometry,העומק
Geometry,משטח
Geometry,נפח
Geometry,מטר
Geometry,בקילומטרים
Geometry,סנטימטר
Geometry,מילימטר
Geometry,יחידת מידה
Geometry,למדוד
Geometry,הסרגל
Abstract Objects 2,כבוד
Abstract Objects 2,התועלת
Abstract Objects 2,מאמץ
Abstract Objects 2,תשומת לב
Abstract Objects 2,אופי
Abstract Objects 2,רשות
Abstract Objects 2,המציאות
Abstract Objects 2,התנהגות
Abstract Objects 2,המקור
Abstract Objects 2,כיוון
Abstract Objects 2,סודות
Abstract Objects 2,הניסיון
Abstract Objects 2,הנזק
Abstract Objects 2,חתימה
Abstract Objects 2,הסמל
Abstract Objects 2,העמדה
Abstract Objects 2,כוח
Abstract Objects 2,אחריות
Abstract Objects 2,ספק
Abstract Objects 2,בפחד
Abstract Objects 2,הומור
Abstract Objects 2,גישה
Abstract Objects 2,מסורת
Abstract Objects 2,שנאה
Abstract Objects 2,סכנה
Abstract Objects 2,הביטוי
Abstract Objects 2,רצח
Abstract Objects 2,הנאה
Abstract Objects 2,החיוך
Abstract Objects 2,בצל
Abstract Objects 2,הפתעה
Abstract Objects 2,הזכרון
Abstract Objects 2,הפסד
Abstract Objects 2,ניצחון
Abstract Objects 2,נפילה
Abstract Objects 2,האמת
Abstract Objects 2,שקר
Abstract Objects 2,חוש
Abstract Objects 2,הטובה
Abstract Objects 2,תכונות
Abstract Objects 2,תשוקה
Abstract Objects 2,הבדל
Abstract Objects 2,בסיס
Abstract Objects 2,היופי
Abstract Objects 2,זהות
Abstract Objects 2,חשיבות
Abstract Objects 2,מזל
Abstract Objects 2,שהעדיפות
Infinitives 2,להאמין
Infinitives 2,להשפיע
Infinitives 2,להגדיל
Infinitives 2,לשפר
Infinitives 2,להמשיך
Infinitives 2,להגדיר
Infinitives 2,לענות
Infinitives 2,לכסות
Infinitives 2,לאפשר
Infinitives 2,לנצח
Infinitives 2,לפתח
Infinitives 2,לסיים
Infinitives 2,להרגיש
Infinitives 2,להבין
Infinitives 2,למות
Infinitives 2,להסכים
Infinitives 2,לחכות
Infinitives 2,להסביר
Infinitives 2,להגיב
Infinitives 2,להפסיד
Infinitives 2,לקרוא
Infinitives 2,להשתמש
Infinitives 2,להתאושש
Infinitives 2,לטוס
Infinitives 2,לזכור
Infinitives 2,לפגוש
Infinitives 2,לעצור
Infinitives 2,לעזוב
Infinitives 2,להישאר
Infinitives 2,לִבנות
Infinitives 2,לשבור
Infinitives 2,לגרום
Infinitives 2,לאהוב
Infinitives 2,לשקול
Infinitives 2,לחשוב
Infinitives 2,להגיש
Infinitives 2,להחמיץ
Infinitives 2,לסרב
Construct State 2,ראש ממשלה
Construct State 2,חגורת בטיחות
Construct State 2,תולעת ספרים
Construct State 2,הפסקת אוכל
Construct State 2,כלי נשק
Construct State 2,שטיפת מוח
Construct State 2,שומר ראש
Construct State 2,פסק זמן
Construct State 2,נהג מונית
Construct State 2,מגדל שמירה
Construct State 2,שעון עצר
Construct State 2,פניית פרסה
Construct State 2,בית מלאכה
Construct State 2,אוצר מילים
Construct State 2,מברשת שיניים
Construct State 2,ארגז כלים
Construct State 2,משחת שיניים
Construct State 2,סכין גילוח
Construct State 2,תיבת דואר
Construct State 2,עוגת יום הולדת
Construct State 2,משרד ראש הממשלה
Construct State 2,חלון חדר האורחים
The Conditional,לוּ
The Conditional,הייתי
The Conditional,הייתָ
The Conditional,הייתְ
The Conditional,הייתה
The Conditional,אִילו
The Conditional,היינו
The Conditional,הייתם
The Conditional,הייתן
The Conditional,היו
The Conditional,היה
The Conditional,היה יכול
The Conditional,היה צריך
The Conditional,לולא
The Conditional,אילולא
Medical,יד
Medical,העיניים
Medical,זרוע
Medical,אצבעות
Medical,הראש
Medical,אוזן
Medical,לבבות
Medical,חזה
Medical,כף יד
Medical,הבטן
Medical,צוואר
Medical,שיער
Medical,המרפקים
Medical,הפנים
Medical,עור
Medical,הגב
Medical,לשון
Medical,הגוף
Medical,מוח
Medical,פה
Medical,שיניים
Medical,רגל
Medical,עצמות
Medical,האף
Medical,כף רגל
Medical,ברכיים
Medical,לכתף
Medical,השריר
Medical,למטופל
Medical,מחלה
Medical,לחולי
Medical,וירוסים
Medical,הגולגולת
Medical,איברים
Medical,תרופות
Medical,חלום
Medical,אחות
Medical,כאבים
Medical,הטיפול
Medical,דם
Medical,השפתיים
Medical,המרפאה
Medical,לחץ
Medical,הרפואה
Medical,בהריון
Medical,סמים
Medical,הבריאות
Medical,דיאטה
Medical,לידה
Medical,סרטן
Medical,ניתוח
Future 2,נאמַר
Future 2,יעבוד
Future 2,נקנה
Future 2,תמצא
Future 2,ימכור
Future 2,אחזור
Future 2,יֵדע
Future 2,ילמדו
Future 2,אשכח
Future 2,יקרא
Future 2,יקח
Future 2,יעצור
Future 2,ישימו
Future 2,ירצה
Future 2,יציע
Future 2,אערבב
Future 2,ארגיש
Future 2,ימשיך
Future 2,נחליף
Future 2,יתפלל
Future 2,תוכלו
Future 2,ימלא
Future 2,ילמֵד
Future 2,תחכה
Future 2,ננצח
Future 2,יבקשו
Future 2,אקווה
Future 2,יעזור
Future 2,יגעו
Future 2,תסגור
Future 2,אפתח
Future 2,יספרו
Future 2,ישאל
Future 2,ישבור
Future 2,יצליחו
Religion,דתיים
Religion,הדת
Religion,שאלוהים
Religion,לאמונה
Religion,רוחני
Religion,יהודי
Religion,חילוניות
Religion,לנוצרים
Religion,המוסלמים
Religion,בודהיסטי
Religion,מלאך
Religion,אלָה
Religion,התפילות
Religion,קדוש
Religion,האסלאם
Religion,והנצרות
Religion,מקדשים
Religion,נשמה
Religion,היהדות
Religion,משיח
Religion,כיפת הסלע
Religion,הר הבית
Religion,מסגד אל-אקצא
Religion,כנסיית הקבר
Religion,הר ציון
Religion,מערת המכפלה
Religion,הר הזיתים
Religion,הכותל המערבי
Arts,מצלמה
Arts,סרט
Arts,לאמנות
Arts,הסגנון
Arts,מסרט
Arts,צילום
Arts,הצלמת
Arts,ריקוד
Arts,ספרות
Arts,רקדן
Arts,אופנה
Arts,שירה
Arts,הקהל
Arts,הגלריה
Arts,האוסף
Arts,איור
Arts,המכחול
Arts,ציור
Arts,תיאטרון
Arts,סטודיו
Arts,פֶסל
Arts,ההצגה
Arts,הפַסל
Arts,הבמה
Arts,מפיק
Arts,התסריט
Arts,אולפן
Arts,פסקול
Arts,אפקטים
Negative Imperatives,אַל
Negative Imperatives,אל תהיה
Negative Imperatives,אל תיגע
Negative Imperatives,אל תאמר
Negative Imperatives,אל תעשה
Negative Imperatives,אל תיקח
Negative Imperatives,אל תיתן
Negative Imperatives,אל תסגור
Negative Imperatives,אל תפתח
Negative Imperatives,אל תלך
Negative Imperatives,אל תעמוד
Negative Imperatives,אל תשכח
Negative Imperatives,אל תשלח
Negative Imperatives,אל תספר
Negative Imperatives,אל תנסה
Negative Imperatives,אל תשנה
Negative Imperatives,אל תדבר
Negative Imperatives,אל תשאל
Negative Imperatives,אל תערבב
Negative Imperatives,אל תחכה
Negative Imperatives,אל תקשיב
Negative Imperatives,אל תרגיש
Negative Imperatives,אל תתחיל
Negative Imperatives,אל תגיע
Negative Imperatives,אל תסביר
Negative Imperatives,אל תחליט
Negative Imperatives,אל תשתה
Negative Imperatives,אל תאכל
Negative Imperatives,אל תתעלם
Negative Imperatives,אל תשתמש
Technology and Communication,חיפוש
Technology and Communication,האתר
Technology and Communication,עמוד בית
Technology and Communication,האינטרנט
Technology and Communication,דפדפן
Technology and Communication,הסיסמא
Technology and Communication,נתונים
Technology and Communication,המקלדת
Technology and Communication,באג
Technology and Communication,המתכנתים
Technology and Communication,חומרה
Technology and Communication,בתוכנה
Technology and Communication,מחשב נייד
Technology and Communication,קובץ
Technology and Communication,המייל
Technology and Communication,מוריד
Technology and Communication,רשת
Technology and Communication,מעלֶה
Technology and Communication,בלוג
Technology and Communication,ההורדה
Technology and Communication,העלאה
Technology and Communication,ערוצים
Technology and Communication,להודעה
Technology and Communication,התקשורת
Technology and Communication,חדשות
Technology and Communication,המידע
Technology and Communication,טקסט
Technology and Communication,שלט
Technology and Communication,לכבות
Technology and Communication,לוחצת
Technology and Communication,רובוט
Technology and Communication,מדליקה
Technology and Communication,בולים
Technology and Communication,גלויה
Verbal Nouns,כתיבה
Verbal Nouns,הקנייה
Verbal Nouns,קריאה
Verbal Nouns,חשיבה
Verbal Nouns,צפייה
Verbal Nouns,בישול
Verbal Nouns,האימון
Verbal Nouns,לימוד
Verbal Nouns,לסיפור
Verbal Nouns,למידה
Verbal Nouns,הליכה
Verbal Nouns,ריצה
Verbal Nouns,הזמנה
Verbal Nouns,דרישה
Verbal Nouns,שינה
Verbal Nouns,מכירה
Verbal Nouns,פתיחה
Verbal Nouns,שמיעה
Verbal Nouns,התנצלות
Science,המחקר
Science,לטכנולוגיה
Science,מדע
Science,הפרויקט
Science,לשיטה
Science,התזה
Science,לאנרגיה
Science,הגודל
Science,מרחק
Science,מהירות
Science,דגימות
Science,המשקל
Science,המהדורות
Science,להפצה
Science,המסה
Science,בניסוי
Science,המאמר
Science,ההגדרה
Science,עיקרון
Science,במעבדה
Science,מד חום
Science,נוסחאות
Science,המחצבים
Science,באיכות
Science,גנטיקה
Science,גיאוגרפיה
Science,ביולוגיה
Science,וכימיה
Science,פיזיקה
Science,פילוסופיה
Science,חקירה
Science,החשמלית
Science,המחזור
Science,המדעניות
Science,תא
Science,תגלית
Science,סיבות
Science,כוח משיכה
Science,התיאוריה
Science,עובדה
Science,מגביר
Science,מנמיכים
Science,טון
Science,קילוגרמים
Science,גרמים
Science,אלכוהול
Music,כינור
Music,להקה
Music,זמרת
Music,שיר
Music,גיטרה
Music,לנגן
Music,מוזיקה
Music,חליל
Music,כלי נגינה
Music,תוף
Music,פסנתר
Music,בסינתיסייזר
Music,נבל
Music,הז'אנר
Music,להופעות
Music,לקונצרט
Music,כנגן
Music,מלחין
Music,היצירה
Music,הפזמון
Music,הבית
Music,מלחינות
Music,גיטריסט
Music,אקורדים
Music,והמתופפת
Music,כנר
Music,חצוצרה
Music,מיקרופון
Music,רמקול
Music,ההד
Music,המנגינה
Music,מפוחית
Music,לכוון
Music,מנצח
Music,הסולם
Music,ים תיכוני
Music,הצליל
Sports,הכדור
Sports,ספורט
Sports,שחקן
Sports,משחק
Sports,תחרות
Sports,קבוצה
Sports,30:25
Sports,כדורגל
Sports,כדורסל
Sports,נקודה
Sports,שער
Sports,מבקיעה
Sports,מהאיצטדיון
Sports,התיקו
Sports,המאמן
Sports,המחבט
Sports,לאליפות
Sports,הכדורעף
Sports,האלופים
Sports,מדליה
Sports,השלושער
Sports,מרתון
Sports,הבעיטה
Sports,מכון כושר
Sports,הצעד
Sports,מגרש
Sports,פנדל
Sports,האוהדים
Sports,חלוצה
Sports,בלם
Sports,שוערת
Sports,עמדה
Sports,התקפה
Sports,בליגה
Sports,קשר
Sports,שחייה
Sports,הגביע
Sports,אולימפיאדה
Sports,האתלטיות
Sports,כושר
Sports,בטניס
Sports,בהארכה
Politics,ביטחון
Politics,הממשלה
Politics,מיסים
Politics,מלחמה
Politics,הנשיאה
Politics,חוק
Politics,זכויות
Politics,בטיחות
Politics,ההמלצה
Politics,שלום
Politics,כלכלה
Politics,העירייה
Politics,מדיניות
Politics,בצבא
Politics,הפשעים
Politics,מנהיג
Politics,לבחירות
Politics,באסטרטגיה
Politics,חופש
Politics,המעצר
Politics,הקמפיין
Politics,הקונגרס
Politics,הנאום
Politics,שאלימות
Politics,שחיתות
Politics,העימות
Politics,המועמדים
Politics,הכנסת
Politics,בפרלמנט
Politics,שוחד
Politics,מושלת
Politics,חבר כנסת
Politics,שביתה
Politics,איומים
Politics,ראש עיר
Politics,עושר
Politics,האשמה
Politics,מהמפלגה
Politics,שרת
Politics,משרד האוצר
Politics,משרד הביטחון
Politics,משרד המשפטים
Politics,הפנים
Politics,החוץ
Diminutives,הכלבלב
Diminutives,והחתלתול
Diminutives,קטנטן
Diminutives,אדמדמה
Diminutives,ירקרק
Diminutives,כחלחל
Diminutives,החזרזיר
Diminutives,צלוחית
Diminutives,המלונית
Diminutives,שקית
Diminutives,גחלילית
Diminutives,ידית
Diminutives,קשית
Diminutives,ילדון
Diminutives,הדובון
Diminutives,פילון
Diminutives,הספרון
Diminutives,מחשבון
Diminutives,למגבונים
Legends,אגדה
Legends,נסיכה
Legends,ארמון
Legends,דרקון
Legends,חרב
Legends,נסיך
Legends,והמלכה
Legends,ממלכה
Legends,חצים
Legends,המגן
Legends,בקשתות
Legends,קשתים
Legends,משתה
Legends,האבירים
Legends,שריון
Legends,הקסדה
Legends,לוחם
Legends,מכשפה
Legends,לחומה
Legends,שיקוי
Legends,כישוף
Legends,הקסם
Legends,הקוסם
Legends,שרביט
Legends,המכשף
Legends,הקללות
Legends,משרת
Legends,הגיבור
Legends,ערפדים
Legends,לזומבים
Legends,איש זאב
Legends,גלמים
Legends,גיבור על
Legends,ביצורים
Legends,המפלצת
Future Nif'al,ניכנס
Future Nif'al,תיפגש
Future Nif'al,תיגמר
Future Nif'al,ייפגע
Future Nif'al,ליהנות
Future Nif'al,להישלח
Future Nif'al,ישאר
Future Nif'al,להיאבד
Future Nif'al,ייפרדו
Future Nif'al,להראות
Formal,נא
Formal,מדוע
Formal,כיצד
Formal,היכן
Formal,אדוני
Formal,גברתי
Formal,ולאן
Formal,מהי
Formal,אנא
Formal,אנו
Formal,האוכל
Formal,אשר
Formal,איני
Formal,אינני
Formal,(הוא) איננו
Formal,איננה
Formal,הבה
Formal,הידעתם
Business,בכסף
Business,בדולרים
Business,עולֶה
Business,לחוב
Business,ההשקעה
Business,ביטוח
Business,שקל
Business,כרטיס
Business,העסק
Business,כרטיס אשראי
Business,זהב
Business,מחיר
Business,אגורה
Business,מותג
Business,החוזה
Business,באירו
Business,עסקה
Business,התקציב
Business,עודף
Business,מטבע
Business,במזומן
Business,קידום
Business,שהעלות
Business,בארגון
Business,בשטרות
Business,ראיון
Business,פגישה
Business,בחבְרה
Business,המשכורת
Business,למנהל
Business,הפרסום
Business,שווי
Business,המסחר
Business,תעשיית
Business,המוצר
Business,הפרסומת
Business,בבורסה
Business,סוכנים
Business,שער
Business,סיכונים
Outer Space,חמה
Outer Space,נוגה
Outer Space,מאדים
Outer Space,צדק
Outer Space,שבתאי
Outer Space,מערכת שמש
Outer Space,הגשושית
Outer Space,החלל החיצון
Outer Space,חללית
Outer Space,מעבורת
Outer Space,שיגור
Outer Space,אסטרונאוט
Outer Space,לוויין
Outer Space,מסלול
Outer Space,מטאור
Outer Space,למכתש
Outer Space,שביל החלב
Outer Space,גלקסיה
Outer Space,חור שחור
Outer Space,ליקוי
Jewish Festivals,הפסח
Jewish Festivals,ליל הסדר
Jewish Festivals,שבועות
Jewish Festivals,יציאת מצרים
Jewish Festivals,המצה
Jewish Festivals,חג
Jewish Festivals,לחגוג
Jewish Festivals,יום כיפור
Jewish Festivals,סוכה
Jewish Festivals,ראש השנה
Jewish Festivals,תשעה באב
Jewish Festivals,סוכות
Jewish Festivals,ימים נוראים
Jewish Festivals,צומות
Jewish Festivals,שמחת תורה
Jewish Festivals,אוזן המן
Jewish Festivals,בחנוכה
Jewish Festivals,סביבונים
Jewish Festivals,פורים
Jewish Festivals,חנוכייה
Jewish Festivals,משלוח מנות
Jewish Festivals,סופגניות
Jewish Festivals,"ט""ו בשבט"
Welcome To Israel,עולה חדש
Welcome To Israel,צבר
Welcome To Israel,מטקות
Welcome To Israel,בקיבוץ
Welcome To Israel,לאולפן
Welcome To Israel,בעלייה
Welcome To Israel,על האש
Welcome To Israel,הפלאפל
Welcome To Israel,חומוס
Welcome To Israel,פיתות
Welcome To Israel,יום העצמאות
Welcome To Israel,מזרחית
Welcome To Israel,בלאגן
Welcome To Israel,הכנרת
Welcome To Israel,למצדה
Welcome To Israel,באילת
Welcome To Israel,חיפה
Welcome To Israel,ים המלח
Welcome To Israel,הנגב
Welcome To Israel,הים האדום
Welcome To Israel,במבה
Welcome To Israel,ביסלי
Welcome To Israel,עגבניית שרי
Welcome To Israel,שקשוקה
Welcome To Israel,בקיסריה
Welcome To Israel,טבריה
